-- phpMyAdmin SQL Dump
-- version 5.2.0
-- https://www.phpmyadmin.net/
--
-- Host: 127.0.0.1
-- Generation Time: Jan 08, 2024 at 12:50 PM
-- Server version: 10.4.24-MariaDB
-- PHP Version: 8.1.6

SET SQL_MODE = "NO_AUTO_VALUE_ON_ZERO";
START TRANSACTION;
SET time_zone = "+00:00";


/*!40101 SET @OLD_CHARACTER_SET_CLIENT=@@CHARACTER_SET_CLIENT */;
/*!40101 SET @OLD_CHARACTER_SET_RESULTS=@@CHARACTER_SET_RESULTS */;
/*!40101 SET @OLD_COLLATION_CONNECTION=@@COLLATION_CONNECTION */;
/*!40101 SET NAMES utf8mb4 */;

--
-- Database: `adam`
--

-- --------------------------------------------------------

--
-- Table structure for table `ar`
--

CREATE TABLE `ar` (
  `ar_Id` int(11) NOT NULL,
  `ar_Number` varchar(255) NOT NULL,
  `received_from` varchar(250) NOT NULL,
  `business_name` varchar(250) NOT NULL,
  `address` varchar(250) NOT NULL,
  `tin` varchar(250) NOT NULL,
  `sum` varchar(250) NOT NULL,
  `full` varchar(250) NOT NULL,
  `date` varchar(250) NOT NULL,
  `transaction` varchar(250) NOT NULL,
  `acr` varchar(250) NOT NULL,
  `usd_amount` varchar(250) NOT NULL,
  `php_val` varchar(250) NOT NULL,
  `cash_amount` varchar(250) NOT NULL,
  `checkBank1` varchar(250) NOT NULL,
  `check_no1` varchar(250) NOT NULL,
  `check_amount1` varchar(250) NOT NULL,
  `total_amount` varchar(250) NOT NULL,
  `pax_name` varchar(250) NOT NULL,
  `pax_service` varchar(250) NOT NULL,
  `pax_amount` varchar(250) NOT NULL,
  `PR_no` varchar(250) NOT NULL,
  `by_signature` varchar(250) NOT NULL,
  `status` varchar(250) NOT NULL,
  `archive` varchar(250) NOT NULL
) ENGINE=InnoDB DEFAULT CHARSET=utf8mb4;

--
-- Dumping data for table `ar`
--

INSERT INTO `ar` (`ar_Id`, `ar_Number`, `received_from`, `business_name`, `address`, `tin`, `sum`, `full`, `date`, `transaction`, `acr`, `usd_amount`, `php_val`, `cash_amount`, `checkBank1`, `check_no1`, `check_amount1`, `total_amount`, `pax_name`, `pax_service`, `pax_amount`, `PR_no`, `by_signature`, `status`, `archive`) VALUES
(10, '0001', 'qwe', 'qwe', 'qwe', 'qwe', 'six thousand PESOS ONLY ', 'qwe', '2023-12-14', 'Domestic Tours', '100.00', '50.00', '5000.00', '1000.00', 'N/A', 'N/A', '0.00', '6,000.00', 'N/A', 'N/A', '0.00', 'qweqwe', 'NEMA', 'Unprinted', 'No'),
(11, '0002', 'qwe', 'qwe', 'qwe', 'qwe', 'six thousand PESOS ONLY ', 'qwe', '2023-12-14', 'Domestic Tours', '100.00', '50.00', '5000.00', '1000.00', 'N/A', 'N/A', '0.00', '6,000.00', 'N/A', 'N/A', '0.00', 'qweqwe', 'NEMA', 'Unprinted', 'No'),
(12, '0003', 'Dave Carandang', 'Dental Clinic', 'Brgy Tatala Binagnonan Rizal', '1940', 'six thousand, seven hundred fifty PESOS ONLY ', 'LAND ARRANGEMENT IN HONGKONG', '2023-12-20', 'Local Tours', '50.00', '100.00', '5000.00', '0', 'Bank 1,Bank 4,Bank 5', '1234,2222,3333', '500,1000,250', '6750', 'N/A', 'N/A', '0.00', '123456789', 'NEMA', 'Unprinted', 'No'),
(13, '0004', 'qwe', 'qwe', 'qwe', 'qwe', 'five PESOS ONLY ', 'qwe', '2023-12-21', 'Domestic Tours', '1.00', '5.00', '5.00', '0.00', 'N/A', 'N/A', '0.00', '5.00', 'N/A', 'N/A', '0.00', '', 'NEMA', 'Unprinted', 'No'),
(14, '0005', 'zxc', 'zxc', 'zxc', 'zxc', 'twenty-five PESOS ONLY ', 'zxc', '2023-12-21', 'Local Tours', '5.00', '5.00', '25.00', '0.00', 'N/A', 'N/A', '0.00', '25.00', 'N/A', 'N/A', '0.00', 'zxc', 'NEMA', 'Unprinted', 'No'),
(15, '0006', 'bnm', 'bnm', 'bnm', 'bnm', 'fifty PESOS ONLY ', 'bnm', '2023-12-21', 'Local Tours', '10.00', '5.00', '50.00', '0.00', 'N/A', 'N/A', '0.00', '50.00', 'N/A', 'N/A', '0.00', '', 'NEMA', 'Unprinted', 'No'),
(16, '0007', 'mbnm', 'bnm', 'bnm', 'nm', 'twenty-five PESOS ONLY ', 'bnm', '2023-12-21', 'Local Tours', '5.00', '5.00', '25.00', '0.00', 'N/A', 'N/A', '0.00', '25.00', 'N/A', 'N/A', '0.00', '', 'NEMA', 'Unprinted', 'No'),
(17, '0008', 'ghj', 'ghj', 'ghj', 'ghj', 'six PESOS ONLY ', 'ghj', '2023-12-21', 'Local Tours', '2.00', '3.00', '6.00', '0.00', 'N/A', 'N/A', '0.00', '6.00', 'N/A', 'N/A', '0.00', '', 'NEMA', 'Unprinted', 'No'),
(18, '0009', 'Passenger 1 ', 'Dental Clinic', 'Brgy Tatala Binagnonan Rizal', '1940', 'five thousand five hundred PESOS ONLY ', 'LAND ARRANGEMENT IN HONGKONG', '2023-12-21', 'Local Tours', '50.00', '100.00', '5000.00', '0.00', 'Bank 1', '1234', '500', '5,500.00', 'N/A', 'N/A', '0.00', '099999999', 'NEMA', 'Unprinted', 'No'),
(19, '0010', 'Passenger 1 QWEQWEQQWE', 'Dental Clinic QWQWEQWEQ', 'Brgy Tatala Binagnonan Rizal QWEQWEQWE', '1940', 'twenty-nine thousand, two hundred PESOS ONLY ', 'LAND ARRANGEMENT IN HONGKONG QWEQWEQWEQWE', '2023-12-23', 'Domestic Tours', '56.00', '500.00', '28000.00', '500.00', 'Bank 1,Bank 2', 'Check 1,Check 2', '250,450', '29200.00', 'Pax Name 1,Pax Name 3,Pax Name 4', 'Service 1,Service 3,Service 4', '10,30,40', '12345678910', 'NEMA', 'Unprinted', 'No'),
(20, '0011', 'qwe', 'wqe', 'qwe', 'qwe', 'three PESOS ONLY ', 'qw', '2023-12-30', 'Local Tours', '1.00', '1.00', '1.00', '1.00', 'N/A', 'N/A', '1', '3.00', 'N/A', 'N/A', '0.00', 'qwe', 'NEMA', 'Unprinted', 'No'),
(21, '000012', 'qwe', 'qwe', 'qwe', 'qwe', 'two PESOS ONLY ', 'qwe', '2023-12-30', 'Local Tours', '1.00', '1.00', '1.00', '1.00', 'N/A', 'N/A', '0.00', '2.00', 'N/A', 'N/A', '0.00', 'qwe', 'NEMA', 'Unprinted', 'No');

-- --------------------------------------------------------

--
-- Table structure for table `audit_trail`
--

CREATE TABLE `audit_trail` (
  `audit_trail_Id` int(11) NOT NULL,
  `user` varchar(250) NOT NULL,
  `event` varchar(250) NOT NULL,
  `form` varchar(250) NOT NULL,
  `date` varchar(250) NOT NULL,
  `time` varchar(250) NOT NULL
) ENGINE=InnoDB DEFAULT CHARSET=utf8mb4;

--
-- Dumping data for table `audit_trail`
--

INSERT INTO `audit_trail` (`audit_trail_Id`, `user`, `event`, `form`, `date`, `time`) VALUES
(424, 'Carlo O. Paala', 'Added', 'PO', '2023-11-04', '16:56:40'),
(425, 'Carlo O. Paala', 'Added', 'PO', '2023-11-04', '16:56:41'),
(426, 'Carlo O. Paala', 'Edited', 'PO', '2023-11-04', '16:57:04'),
(427, 'Carlo O. Paala', 'Added', 'PO', '2023-11-04', '17:07:14'),
(428, 'Carlo O. Paala', 'Added', 'PO', '2023-11-04', '18:15:53'),
(429, 'Carlo O. Paala', 'Added', 'PO', '2023-11-04', '18:33:42'),
(430, 'Carlo O. Paala', 'Added', 'PO', '2023-11-04', '18:37:16'),
(431, 'NEMA', 'Added', 'SA', '2023-11-19', '22:37:00'),
(432, 'NEMA', 'Added', 'SA', '2023-11-19', '22:44:06'),
(433, 'NEMA', 'Added', 'SA', '2023-11-19', '22:44:24'),
(434, 'NEMA', 'Added', 'SA', '2023-11-19', '22:44:59'),
(435, 'NEMA', 'Added', 'SA', '2023-11-19', '22:50:03'),
(436, 'NEMA', 'Added', 'SA', '2023-11-19', '22:54:24'),
(437, 'NEMA', 'Added', 'SA', '2023-11-19', '22:55:46'),
(438, 'NEMA', 'Added', 'SA', '2023-11-19', '22:56:27'),
(439, 'NEMA', 'Added', 'SA', '2023-11-19', '23:02:29'),
(440, 'NEMA', 'Added', 'SA', '2023-11-19', '23:02:52'),
(441, 'NEMA', 'Added', 'SA', '2023-11-19', '23:03:30'),
(442, 'NEMA', 'Added', 'SA', '2023-11-19', '23:03:35'),
(443, 'NEMA', 'Added', 'SA', '2023-11-20', '18:53:51'),
(444, 'NEMA', 'Added', 'SA', '2023-11-20', '19:06:30'),
(445, 'NEMA', 'Added', 'SA', '2023-11-20', '19:07:21'),
(446, 'NEMA', 'Added', 'SA', '2023-11-20', '19:08:46'),
(447, 'NEMA', 'Added', 'SA', '2023-11-20', '19:08:55'),
(448, 'NEMA', 'Added', 'SA', '2023-11-20', '19:11:11'),
(449, 'NEMA', 'Added', 'SA', '2023-11-20', '19:14:53'),
(450, 'NEMA', 'Added', 'SA', '2023-11-24', '10:42:44'),
(451, 'NEMA', 'Added', 'SA', '2023-11-24', '10:44:00'),
(452, 'NEMA', 'Added', 'SA', '2023-11-24', '10:46:51'),
(453, 'NEMA', 'Added', 'SA', '2023-11-24', '11:05:23'),
(454, 'NEMA', 'Added', 'SA', '2023-11-24', '11:12:18'),
(455, 'NEMA', 'Added', 'SA', '2023-11-25', '10:41:11'),
(456, 'NEMA', 'Added', 'SA', '2023-11-27', '11:23:31'),
(457, 'NEMA', 'Added', 'SA', '2023-11-27', '11:42:36'),
(458, 'NEMA', 'Added', 'SA', '2023-11-27', '11:46:12'),
(459, 'NEMA', 'Added', 'SA', '2023-11-27', '12:01:37'),
(460, 'NEMA', 'Added', 'SA', '2023-11-27', '12:02:11'),
(461, 'NEMA', 'Added', 'SA', '2023-11-27', '12:03:33'),
(462, 'NEMA', 'Added', 'SA', '2023-11-27', '12:07:53'),
(463, 'NEMA', 'Added', 'SA', '2023-11-27', '12:10:43'),
(464, 'NEMA', 'Added', 'SA', '2023-11-27', '12:14:23'),
(465, 'NEMA', 'Added', 'SA', '2023-11-27', '12:18:10'),
(466, 'NEMA', 'Added', 'SA', '2023-11-27', '12:25:20'),
(467, 'NEMA', 'Added', 'SA', '2023-11-27', '12:25:49'),
(468, 'NEMA', 'Added', 'SA', '2023-11-28', '10:00:49'),
(469, 'NEMA', 'Added', 'SA', '2023-11-28', '10:01:12'),
(470, 'NEMA', 'Added', 'SA', '2023-11-28', '10:01:29'),
(471, 'NEMA', 'Added', 'SA', '2023-11-28', '10:01:30'),
(472, 'NEMA', 'Added', 'SA', '2023-11-28', '10:01:31'),
(473, 'NEMA', 'Added', 'SA', '2023-11-28', '10:01:31'),
(474, 'NEMA', 'Added', 'SA', '2023-11-28', '10:01:35'),
(475, 'NEMA', 'Added', 'SA', '2023-11-28', '10:01:36'),
(476, 'NEMA', 'Added', 'SA', '2023-11-28', '10:01:36'),
(477, 'NEMA', 'Added', 'SA', '2023-11-28', '10:01:58'),
(478, 'NEMA', 'Added', 'SA', '2023-11-28', '10:02:01'),
(479, 'NEMA', 'Added', 'SA', '2023-11-28', '10:02:02'),
(480, 'NEMA', 'Added', 'SA', '2023-11-28', '10:02:02'),
(481, 'NEMA', 'Added', 'SA', '2023-11-28', '10:02:02'),
(482, 'NEMA', 'Viewed', 'SA', '2023-11-28', '03:02:23'),
(483, 'NEMA', 'Added', 'SA', '2023-11-28', '10:08:20'),
(484, 'NEMA', 'Added', 'SA', '2023-11-28', '10:10:08'),
(485, 'NEMA', 'Added', 'SA', '2023-11-28', '10:12:39'),
(486, 'NEMA', 'Added', 'SA', '2023-12-01', '12:30:18'),
(487, 'NEMA', 'Added', 'SA', '2023-12-01', '12:35:59'),
(488, 'NEMA', 'Added', 'SA', '2023-12-05', '12:07:15'),
(489, 'NEMA', 'Added', 'SA', '2023-12-05', '12:14:41'),
(490, 'NEMA', 'Added', 'SA', '2023-12-05', '12:15:59'),
(491, 'NEMA', 'Added', 'SA', '2023-12-05', '12:26:38'),
(492, 'NEMA', 'Added', 'SA', '2023-12-05', '12:33:14'),
(493, 'NEMA', 'Added', 'SA', '2023-12-05', '12:33:35'),
(494, 'NEMA', 'Added', 'SA', '2023-12-05', '20:14:06'),
(495, 'NEMA', 'Added', 'SA', '2023-12-05', '20:20:53'),
(496, 'NEMA', 'Viewed', 'SA', '2023-12-07', '04:16:03'),
(497, 'NEMA', 'Viewed', 'SA', '2023-12-07', '04:16:25'),
(498, 'NEMA', 'Viewed', 'SA', '2023-12-07', '04:16:30'),
(499, 'NEMA', 'Viewed', 'SA', '2023-12-07', '04:26:18'),
(500, 'NEMA', 'Viewed', 'SA', '2023-12-07', '04:27:04'),
(501, 'NEMA', 'Viewed', 'SA', '2023-12-07', '04:27:50'),
(502, 'NEMA', 'Viewed', 'SA', '2023-12-07', '04:28:16'),
(503, 'NEMA', 'Viewed', 'SA', '2023-12-07', '04:29:51'),
(504, 'NEMA', 'Viewed', 'SA', '2023-12-07', '04:30:06'),
(505, 'NEMA', 'Viewed', 'SA', '2023-12-07', '04:30:12'),
(506, 'NEMA', 'Viewed', 'SA', '2023-12-07', '04:37:22'),
(507, 'NEMA', 'Added', 'SA', '2023-12-07', '11:47:05'),
(508, 'NEMA', 'Viewed', 'SA', '2023-12-07', '04:48:55'),
(509, 'NEMA', 'Viewed', 'SA', '2023-12-07', '04:53:38'),
(510, 'NEMA', 'Viewed', 'SA', '2023-12-07', '04:55:41'),
(511, 'NEMA', 'Viewed', 'SA', '2023-12-07', '04:58:21'),
(512, 'NEMA', 'Viewed', 'SA', '2023-12-07', '05:00:32'),
(513, 'NEMA', 'Viewed', 'SA', '2023-12-07', '05:02:01'),
(514, 'NEMA', 'Viewed', 'SA', '2023-12-07', '05:14:59'),
(515, 'NEMA', 'Viewed', 'SA', '2023-12-07', '05:15:53'),
(516, 'NEMA', 'Viewed', 'SA', '2023-12-07', '05:19:13'),
(517, 'NEMA', 'Viewed', 'SA', '2023-12-07', '05:19:40'),
(518, 'NEMA', 'Viewed', 'SA', '2023-12-07', '05:20:11'),
(519, 'NEMA', 'Viewed', 'SA', '2023-12-07', '05:20:58'),
(520, 'NEMA', 'Viewed', 'SA', '2023-12-07', '05:22:34'),
(521, 'NEMA', 'Viewed', 'SA', '2023-12-07', '05:22:49'),
(522, 'NEMA', 'Viewed', 'SA', '2023-12-07', '05:27:44'),
(523, 'NEMA', 'Viewed', 'SA', '2023-12-07', '05:27:59'),
(524, 'NEMA', 'Viewed', 'SA', '2023-12-07', '05:29:05'),
(525, 'NEMA', 'Viewed', 'SA', '2023-12-07', '05:31:00'),
(526, 'NEMA', 'Viewed', 'SA', '2023-12-07', '05:31:00'),
(527, 'NEMA', 'Viewed', 'SA', '2023-12-07', '05:31:00'),
(528, 'NEMA', 'Viewed', 'SA', '2023-12-07', '05:31:13'),
(529, 'NEMA', 'Viewed', 'SA', '2023-12-07', '05:31:22'),
(530, 'NEMA', 'Viewed', 'SA', '2023-12-07', '05:33:59'),
(531, 'NEMA', 'Viewed', 'SA', '2023-12-07', '05:38:03'),
(532, 'NEMA', 'Viewed', 'SA', '2023-12-07', '05:38:24'),
(533, 'NEMA', 'Viewed', 'SA', '2023-12-07', '05:38:44'),
(534, 'NEMA', 'Viewed', 'SA', '2023-12-07', '05:39:24'),
(535, 'NEMA', 'Viewed', 'SA', '2023-12-07', '05:39:57'),
(536, 'NEMA', 'Viewed', 'SA', '2023-12-07', '05:40:35'),
(537, 'NEMA', 'Viewed', 'SA', '2023-12-07', '05:42:25'),
(538, 'NEMA', 'Viewed', 'SA', '2023-12-07', '05:44:46'),
(539, 'NEMA', 'Viewed', 'SA', '2023-12-07', '05:44:49'),
(540, 'NEMA', 'Viewed', 'SA', '2023-12-07', '05:47:14'),
(541, 'NEMA', 'Viewed', 'SA', '2023-12-07', '05:49:52'),
(542, 'NEMA', 'Viewed', 'SA', '2023-12-07', '05:52:55'),
(543, 'NEMA', 'Viewed', 'SA', '2023-12-07', '05:53:34'),
(544, '', 'Viewed', 'SA', '2023-12-08', '03:48:36'),
(545, 'NEMA', 'Viewed', 'SA', '2023-12-08', '03:53:06'),
(546, 'NEMA', 'Viewed', 'SA', '2023-12-08', '03:56:34'),
(547, 'NEMA', 'Viewed', 'SA', '2023-12-08', '04:01:24'),
(548, 'NEMA', 'Viewed', 'SA', '2023-12-08', '04:01:31'),
(549, 'NEMA', 'Viewed', 'SA', '2023-12-08', '04:01:43'),
(550, 'NEMA', 'Viewed', 'SA', '2023-12-08', '04:02:19'),
(551, 'NEMA', 'Viewed', 'SA', '2023-12-08', '04:02:44'),
(552, 'NEMA', 'Viewed', 'SA', '2023-12-08', '04:03:53'),
(553, 'NEMA', 'Viewed', 'SA', '2023-12-08', '04:04:21'),
(554, 'NEMA', 'Viewed', 'SA', '2023-12-08', '04:04:45'),
(555, 'NEMA', 'Viewed', 'SA', '2023-12-08', '04:06:38'),
(556, 'NEMA', 'Viewed', 'SA', '2023-12-08', '04:07:16'),
(557, 'NEMA', 'Viewed', 'SA', '2023-12-08', '04:07:35'),
(558, 'NEMA', 'Viewed', 'SA', '2023-12-08', '04:07:47'),
(559, 'NEMA', 'Viewed', 'SA', '2023-12-08', '04:08:11'),
(560, 'NEMA', 'Viewed', 'SA', '2023-12-08', '04:09:06'),
(561, 'NEMA', 'Viewed', 'SA', '2023-12-08', '04:09:55'),
(562, 'NEMA', 'Viewed', 'SA', '2023-12-08', '04:10:06'),
(563, 'NEMA', 'Viewed', 'SA', '2023-12-08', '04:10:48'),
(564, 'NEMA', 'Viewed', 'SA', '2023-12-08', '04:10:50'),
(565, 'NEMA', 'Viewed', 'SA', '2023-12-08', '04:13:02'),
(566, 'NEMA', 'Viewed', 'SA', '2023-12-08', '04:17:52'),
(567, 'NEMA', 'Viewed', 'SA', '2023-12-08', '04:18:16'),
(568, 'NEMA', 'Viewed', 'SA', '2023-12-08', '04:18:49'),
(569, 'NEMA', 'Viewed', 'SA', '2023-12-08', '04:20:26'),
(570, 'NEMA', 'Viewed', 'SA', '2023-12-08', '04:20:28'),
(571, 'NEMA', 'Viewed', 'SA', '2023-12-08', '04:21:19'),
(572, 'NEMA', 'Viewed', 'SA', '2023-12-08', '04:22:31'),
(573, 'NEMA', 'Viewed', 'SA', '2023-12-08', '04:22:58'),
(574, 'NEMA', 'Viewed', 'SA', '2023-12-08', '04:24:04'),
(575, 'NEMA', 'Viewed', 'SA', '2023-12-08', '04:37:34'),
(576, 'NEMA', 'Viewed', 'SA', '2023-12-08', '04:38:11'),
(577, 'NEMA', 'Viewed', 'SA', '2023-12-08', '04:38:34'),
(578, 'NEMA', 'Viewed', 'SA', '2023-12-08', '04:38:48'),
(579, 'NEMA', 'Viewed', 'SA', '2023-12-08', '04:38:59'),
(580, 'NEMA', 'Viewed', 'SA', '2023-12-08', '04:39:07'),
(581, 'NEMA', 'Viewed', 'SA', '2023-12-08', '04:40:53'),
(582, 'NEMA', 'Viewed', 'SA', '2023-12-08', '04:40:59'),
(583, 'NEMA', 'Viewed', 'SA', '2023-12-08', '04:41:15'),
(584, 'NEMA', 'Viewed', 'SA', '2023-12-08', '04:43:24'),
(585, 'NEMA', 'Viewed', 'SA', '2023-12-08', '04:43:35'),
(586, 'NEMA', 'Viewed', 'SA', '2023-12-08', '04:44:10'),
(587, 'NEMA', 'Viewed', 'SA', '2023-12-08', '04:44:51'),
(588, 'NEMA', 'Viewed', 'SA', '2023-12-08', '04:46:11'),
(589, 'NEMA', 'Viewed', 'SA', '2023-12-08', '04:46:23'),
(590, 'NEMA', 'Added', 'SA', '2023-12-08', '11:59:07'),
(591, 'NEMA', 'Viewed', 'SA', '2023-12-08', '05:01:54'),
(592, 'NEMA', 'Viewed', 'SA', '2023-12-08', '05:08:53'),
(593, 'NEMA', 'Viewed', 'SA', '2023-12-08', '05:11:45'),
(594, 'NEMA', 'Viewed', 'SA', '2023-12-08', '05:12:00'),
(595, 'NEMA', 'Viewed', 'SA', '2023-12-08', '05:13:00'),
(596, 'NEMA', 'Viewed', 'SA', '2023-12-08', '05:13:28'),
(597, 'NEMA', 'Viewed', 'SA', '2023-12-08', '05:14:07'),
(598, 'NEMA', 'Viewed', 'SA', '2023-12-08', '05:14:16'),
(599, 'NEMA', 'Viewed', 'SA', '2023-12-08', '05:14:52'),
(600, 'NEMA', 'Viewed', 'SA', '2023-12-08', '05:18:33'),
(601, 'NEMA', 'Viewed', 'SA', '2023-12-08', '05:19:12'),
(602, 'NEMA', 'Viewed', 'SA', '2023-12-08', '05:19:22'),
(603, 'NEMA', 'Viewed', 'SA', '2023-12-08', '05:19:23'),
(604, 'NEMA', 'Viewed', 'SA', '2023-12-08', '05:19:43'),
(605, 'NEMA', 'Viewed', 'SA', '2023-12-08', '05:20:37'),
(606, 'NEMA', 'Viewed', 'SA', '2023-12-08', '05:21:32'),
(607, 'NEMA', 'Viewed', 'SA', '2023-12-08', '05:22:49'),
(608, 'NEMA', 'Viewed', 'SA', '2023-12-08', '05:23:31'),
(609, 'NEMA', 'Viewed', 'SA', '2023-12-08', '05:24:00'),
(610, 'NEMA', 'Viewed', 'SA', '2023-12-08', '05:24:11'),
(611, 'NEMA', 'Viewed', 'SA', '2023-12-08', '05:24:21'),
(612, 'NEMA', 'Viewed', 'SA', '2023-12-08', '05:25:06'),
(613, 'NEMA', 'Viewed', 'SA', '2023-12-08', '05:25:18'),
(614, 'NEMA', 'Viewed', 'SA', '2023-12-08', '05:25:32'),
(615, 'NEMA', 'Viewed', 'SA', '2023-12-08', '05:29:26'),
(616, 'NEMA', 'Viewed', 'SA', '2023-12-08', '05:29:31'),
(617, 'NEMA', 'Viewed', 'SA', '2023-12-08', '05:29:45'),
(618, 'NEMA', 'Viewed', 'SA', '2023-12-08', '05:30:05'),
(619, 'NEMA', 'Viewed', 'SA', '2023-12-08', '05:30:53'),
(620, 'NEMA', 'Viewed', 'SA', '2023-12-08', '05:31:07'),
(621, 'NEMA', 'Viewed', 'SA', '2023-12-08', '05:31:07'),
(622, 'NEMA', 'Viewed', 'SA', '2023-12-08', '05:31:36'),
(623, 'NEMA', 'Viewed', 'SA', '2023-12-08', '05:31:49'),
(624, 'NEMA', 'Viewed', 'SA', '2023-12-08', '05:32:32'),
(625, 'NEMA', 'Viewed', 'SA', '2023-12-08', '05:32:37'),
(626, 'NEMA', 'Viewed', 'SA', '2023-12-08', '05:33:20'),
(627, 'NEMA', 'Viewed', 'SA', '2023-12-08', '05:34:07'),
(628, 'NEMA', 'Viewed', 'SA', '2023-12-08', '05:34:19'),
(629, 'NEMA', 'Added', 'SA', '2023-12-08', '12:37:04'),
(630, 'NEMA', 'Added', 'SA', '2023-12-08', '12:37:05'),
(631, 'NEMA', 'Viewed', 'SA', '2023-12-08', '05:38:00'),
(632, 'NEMA', 'Viewed', 'SA', '2023-12-08', '05:38:41'),
(633, 'NEMA', 'Viewed', 'SA', '2023-12-08', '05:39:52'),
(634, 'NEMA', 'Viewed', 'SA', '2023-12-08', '05:42:34'),
(635, 'NEMA', 'Viewed', 'SA', '2023-12-08', '05:43:52'),
(636, 'NEMA', 'Viewed', 'SA', '2023-12-08', '05:45:13'),
(637, 'NEMA', 'Viewed', 'SA', '2023-12-08', '05:46:21'),
(638, 'NEMA', 'Viewed', 'SA', '2023-12-08', '05:46:48'),
(639, 'NEMA', 'Viewed', 'SA', '2023-12-08', '05:47:28'),
(640, 'NEMA', 'Viewed', 'SA', '2023-12-08', '05:47:58'),
(641, 'NEMA', 'Viewed', 'SA', '2023-12-08', '05:48:59'),
(642, 'NEMA', 'Viewed', 'SA', '2023-12-08', '05:49:28'),
(643, 'NEMA', 'Viewed', 'SA', '2023-12-08', '05:50:14'),
(644, 'NEMA', 'Viewed', 'SA', '2023-12-08', '05:51:10'),
(645, 'NEMA', 'Viewed', 'SA', '2023-12-08', '05:53:04'),
(646, 'NEMA', 'Viewed', 'SA', '2023-12-08', '05:58:28'),
(647, 'NEMA', 'Viewed', 'SA', '2023-12-08', '06:11:42'),
(648, 'NEMA', 'Viewed', 'SA', '2023-12-08', '06:27:19'),
(649, 'NEMA', 'Viewed', 'SA', '2023-12-08', '06:35:30'),
(650, 'NEMA', 'Added', 'SA', '2023-12-08', '13:38:32'),
(651, 'NEMA', 'Added', 'SA', '2023-12-08', '13:46:18'),
(652, 'NEMA', 'Viewed', 'SA', '2023-12-08', '06:50:43'),
(653, 'NEMA', 'Viewed', 'SA', '2023-12-08', '06:51:02'),
(654, 'NEMA', 'Added', 'SA', '2023-12-08', '13:51:31'),
(655, 'NEMA', 'Viewed', 'SA', '2023-12-08', '06:51:53'),
(656, 'NEMA', 'Viewed', 'SA', '2023-12-08', '06:52:12'),
(657, 'NEMA', 'Viewed', 'SA', '2023-12-08', '06:52:15'),
(658, 'NEMA', 'Viewed', 'SA', '2023-12-08', '06:52:32'),
(659, 'NEMA', 'Viewed', 'SA', '2023-12-08', '06:53:51'),
(660, 'NEMA', 'Viewed', 'SA', '2023-12-08', '06:54:25'),
(661, 'NEMA', 'Viewed', 'SA', '2023-12-08', '06:54:27'),
(662, 'NEMA', 'Viewed', 'SA', '2023-12-08', '06:54:42'),
(663, '', 'Viewed', 'SA', '2023-12-08', '11:54:20'),
(664, 'NEMA', 'Viewed', 'SA', '2023-12-08', '11:54:53'),
(665, 'NEMA', 'Viewed', 'SA', '2023-12-08', '11:55:17'),
(666, 'NEMA', 'Viewed', 'SA', '2023-12-08', '11:55:39'),
(667, 'NEMA', 'Viewed', 'SA', '2023-12-08', '11:55:56'),
(668, 'NEMA', 'Viewed', 'SA', '2023-12-08', '11:58:22'),
(669, 'NEMA', 'Viewed', 'SA', '2023-12-08', '12:06:35'),
(670, 'NEMA', 'Viewed', 'SA', '2023-12-08', '12:09:44'),
(671, 'NEMA', 'Viewed', 'SA', '2023-12-08', '12:11:22'),
(672, 'NEMA', 'Viewed', 'SA', '2023-12-08', '12:11:25'),
(673, 'NEMA', 'Viewed', 'SA', '2023-12-08', '12:11:33'),
(674, 'NEMA', 'Viewed', 'SA', '2023-12-08', '12:12:09'),
(675, 'NEMA', 'Viewed', 'SA', '2023-12-08', '12:12:46'),
(676, 'NEMA', 'Viewed', 'SA', '2023-12-08', '12:13:07'),
(677, 'NEMA', 'Viewed', 'SA', '2023-12-08', '12:15:05'),
(678, 'NEMA', 'Viewed', 'SA', '2023-12-08', '12:15:16'),
(679, 'NEMA', 'Viewed', 'SA', '2023-12-08', '12:15:50'),
(680, 'NEMA', 'Viewed', 'SA', '2023-12-08', '12:18:53'),
(681, 'NEMA', 'Viewed', 'SA', '2023-12-08', '12:19:37'),
(682, 'NEMA', 'Viewed', 'SA', '2023-12-08', '12:21:05'),
(683, 'NEMA', 'Viewed', 'SA', '2023-12-08', '12:21:49'),
(684, 'NEMA', 'Viewed', 'SA', '2023-12-08', '12:22:20'),
(685, 'NEMA', 'Viewed', 'SA', '2023-12-08', '12:22:57'),
(686, 'NEMA', 'Viewed', 'SA', '2023-12-08', '12:24:23'),
(687, 'NEMA', 'Viewed', 'SA', '2023-12-08', '12:24:55'),
(688, 'NEMA', 'Viewed', 'SA', '2023-12-08', '12:26:08'),
(689, 'NEMA', 'Viewed', 'SA', '2023-12-08', '12:26:29'),
(690, 'NEMA', 'Viewed', 'SA', '2023-12-08', '12:32:44'),
(691, 'NEMA', 'Viewed', 'SA', '2023-12-08', '12:33:21'),
(692, 'NEMA', 'Viewed', 'SA', '2023-12-08', '12:34:41'),
(693, 'NEMA', 'Viewed', 'SA', '2023-12-08', '12:34:59'),
(694, 'NEMA', 'Viewed', 'SA', '2023-12-08', '12:36:13'),
(695, 'NEMA', 'Viewed', 'SA', '2023-12-08', '12:36:56'),
(696, 'NEMA', 'Viewed', 'SA', '2023-12-08', '12:37:20'),
(697, 'NEMA', 'Viewed', 'SA', '2023-12-08', '12:37:29'),
(698, 'NEMA', 'Viewed', 'SA', '2023-12-08', '12:37:47'),
(699, 'NEMA', 'Viewed', 'SA', '2023-12-08', '12:38:13'),
(700, 'NEMA', 'Viewed', 'SA', '2023-12-08', '12:39:28'),
(701, 'NEMA', 'Viewed', 'SA', '2023-12-08', '12:39:30'),
(702, 'NEMA', 'Viewed', 'SA', '2023-12-08', '12:41:05'),
(703, 'NEMA', 'Viewed', 'SA', '2023-12-08', '12:41:40'),
(704, 'NEMA', 'Viewed', 'SA', '2023-12-08', '12:42:18'),
(705, 'NEMA', 'Viewed', 'SA', '2023-12-08', '12:42:20'),
(706, 'NEMA', 'Viewed', 'SA', '2023-12-08', '12:42:31'),
(707, 'NEMA', 'Viewed', 'SA', '2023-12-08', '12:44:59'),
(708, 'NEMA', 'Viewed', 'SA', '2023-12-08', '12:46:23'),
(709, 'NEMA', 'Viewed', 'SA', '2023-12-08', '12:46:45'),
(710, 'NEMA', 'Viewed', 'SA', '2023-12-08', '12:46:50'),
(711, 'NEMA', 'Viewed', 'SA', '2023-12-08', '12:47:02'),
(712, 'NEMA', 'Viewed', 'SA', '2023-12-08', '12:47:11'),
(713, 'NEMA', 'Viewed', 'SA', '2023-12-08', '12:47:14'),
(714, 'NEMA', 'Viewed', 'SA', '2023-12-08', '12:47:33'),
(715, 'NEMA', 'Viewed', 'SA', '2023-12-08', '12:47:41'),
(716, 'NEMA', 'Viewed', 'SA', '2023-12-08', '12:51:42'),
(717, 'NEMA', 'Added', 'SA', '2023-12-08', '19:53:35'),
(718, 'NEMA', 'Viewed', 'SA', '2023-12-08', '12:54:51'),
(719, 'NEMA', 'Viewed', 'SA', '2023-12-08', '12:55:59'),
(720, 'NEMA', 'Viewed', 'SA', '2023-12-08', '12:56:03'),
(721, 'NEMA', 'Viewed', 'SA', '2023-12-08', '12:56:45'),
(722, 'NEMA', 'Viewed', 'SA', '2023-12-08', '12:57:57'),
(723, 'NEMA', 'Viewed', 'SA', '2023-12-08', '12:58:24'),
(724, 'NEMA', 'Viewed', 'SA', '2023-12-08', '12:59:06'),
(725, 'NEMA', 'Viewed', 'SA', '2023-12-08', '12:59:09'),
(726, 'NEMA', 'Viewed', 'SA', '2023-12-08', '13:00:52'),
(727, 'NEMA', 'Added', 'SA', '2023-12-08', '20:01:56'),
(728, 'NEMA', 'Added', 'SA', '2023-12-08', '20:03:04'),
(729, 'NEMA', 'Viewed', 'SA', '2023-12-08', '13:03:21'),
(730, 'NEMA', 'Viewed', 'SA', '2023-12-08', '13:05:07'),
(731, 'NEMA', 'Viewed', 'SA', '2023-12-08', '13:06:50'),
(732, 'NEMA', 'Viewed', 'SA', '2023-12-08', '13:07:03'),
(733, 'NEMA', 'Viewed', 'SA', '2023-12-08', '13:08:19'),
(734, 'NEMA', 'Viewed', 'SA', '2023-12-08', '13:08:23'),
(735, 'NEMA', 'Viewed', 'SA', '2023-12-08', '13:09:15'),
(736, 'NEMA', 'Viewed', 'SA', '2023-12-08', '13:10:33'),
(737, 'NEMA', 'Viewed', 'SA', '2023-12-08', '13:10:35'),
(738, 'NEMA', 'Viewed', 'SA', '2023-12-08', '13:12:44'),
(739, 'NEMA', 'Viewed', 'SA', '2023-12-08', '13:13:37'),
(740, 'NEMA', 'Viewed', 'SA', '2023-12-08', '13:13:47'),
(741, 'NEMA', 'Viewed', 'SA', '2023-12-08', '13:13:49'),
(742, 'NEMA', 'Viewed', 'SA', '2023-12-08', '13:14:04'),
(743, 'NEMA', 'Viewed', 'SA', '2023-12-08', '13:16:42'),
(744, 'NEMA', 'Viewed', 'SA', '2023-12-08', '13:17:00'),
(745, 'NEMA', 'Viewed', 'SA', '2023-12-08', '13:21:44'),
(746, 'NEMA', 'Viewed', 'SA', '2023-12-08', '13:23:01'),
(747, 'NEMA', 'Viewed', 'SA', '2023-12-08', '13:23:39'),
(748, 'NEMA', 'Viewed', 'SA', '2023-12-08', '13:26:31'),
(749, 'NEMA', 'Viewed', 'SA', '2023-12-08', '13:27:24'),
(750, 'NEMA', 'Viewed', 'SA', '2023-12-08', '13:28:01'),
(751, 'NEMA', 'Viewed', 'SA', '2023-12-08', '13:28:20'),
(752, 'NEMA', 'Viewed', 'SA', '2023-12-08', '13:28:38'),
(753, 'NEMA', 'Viewed', 'SA', '2023-12-08', '13:30:37'),
(754, 'NEMA', 'Viewed', 'SA', '2023-12-08', '13:30:57'),
(755, 'NEMA', 'Viewed', 'SA', '2023-12-08', '13:31:18'),
(756, 'NEMA', 'Viewed', 'SA', '2023-12-08', '13:31:42'),
(757, 'NEMA', 'Viewed', 'SA', '2023-12-08', '13:34:54'),
(758, 'NEMA', 'Viewed', 'SA', '2023-12-08', '13:35:59'),
(759, 'NEMA', 'Viewed', 'SA', '2023-12-08', '13:47:36'),
(760, 'NEMA', 'Viewed', 'SA', '2023-12-08', '13:49:02'),
(761, 'NEMA', 'Viewed', 'SA', '2023-12-08', '13:54:10'),
(762, 'NEMA', 'Viewed', 'SA', '2023-12-08', '13:54:40'),
(763, 'NEMA', 'Viewed', 'SA', '2023-12-08', '13:55:37'),
(764, 'NEMA', 'Viewed', 'SA', '2023-12-08', '13:56:01'),
(765, 'NEMA', 'Viewed', 'SA', '2023-12-08', '13:57:51'),
(766, 'NEMA', 'Viewed', 'SA', '2023-12-08', '13:59:33'),
(767, 'NEMA', 'Viewed', 'SA', '2023-12-08', '14:00:13'),
(768, 'NEMA', 'Viewed', 'SA', '2023-12-08', '14:00:30'),
(769, 'NEMA', 'Viewed', 'SA', '2023-12-08', '14:01:01'),
(770, 'NEMA', 'Viewed', 'SA', '2023-12-08', '14:01:15'),
(771, 'NEMA', 'Viewed', 'SA', '2023-12-08', '14:01:31'),
(772, 'NEMA', 'Viewed', 'SA', '2023-12-08', '14:02:17'),
(773, 'NEMA', 'Viewed', 'SA', '2023-12-08', '14:02:19'),
(774, 'NEMA', 'Viewed', 'SA', '2023-12-08', '14:02:34'),
(775, 'NEMA', 'Viewed', 'SA', '2023-12-08', '14:02:46'),
(776, 'NEMA', 'Viewed', 'SA', '2023-12-08', '14:03:39'),
(777, 'NEMA', 'Viewed', 'SA', '2023-12-08', '14:04:43'),
(778, 'NEMA', 'Viewed', 'SA', '2023-12-08', '14:04:45'),
(779, 'NEMA', 'Viewed', 'SA', '2023-12-08', '14:05:20'),
(780, 'NEMA', 'Viewed', 'SA', '2023-12-08', '14:05:41'),
(781, 'NEMA', 'Viewed', 'SA', '2023-12-08', '14:05:53'),
(782, 'NEMA', 'Viewed', 'SA', '2023-12-08', '14:06:01'),
(783, 'NEMA', 'Viewed', 'SA', '2023-12-08', '14:07:05'),
(784, 'NEMA', 'Viewed', 'SA', '2023-12-08', '14:07:07'),
(785, 'NEMA', 'Viewed', 'SA', '2023-12-08', '14:07:56'),
(786, 'NEMA', 'Viewed', 'SA', '2023-12-08', '14:07:58'),
(787, 'NEMA', 'Viewed', 'SA', '2023-12-08', '14:08:40'),
(788, 'NEMA', 'Viewed', 'SA', '2023-12-08', '14:10:35'),
(789, 'NEMA', 'Viewed', 'SA', '2023-12-08', '14:10:38'),
(790, 'NEMA', 'Viewed', 'SA', '2023-12-08', '14:10:59'),
(791, 'NEMA', 'Viewed', 'SA', '2023-12-08', '14:18:48'),
(792, 'NEMA', 'Viewed', 'SA', '2023-12-08', '14:18:56'),
(793, 'NEMA', 'Viewed', 'SA', '2023-12-08', '14:21:32'),
(794, 'NEMA', 'Viewed', 'SA', '2023-12-08', '14:23:19'),
(795, 'NEMA', 'Viewed', 'SA', '2023-12-08', '14:23:45'),
(796, 'NEMA', 'Viewed', 'SA', '2023-12-08', '14:24:13'),
(797, 'NEMA', 'Viewed', 'SA', '2023-12-08', '14:27:06'),
(798, 'NEMA', 'Viewed', 'SA', '2023-12-08', '14:28:13'),
(799, 'NEMA', 'Viewed', 'SA', '2023-12-08', '14:28:45'),
(800, 'NEMA', 'Viewed', 'SA', '2023-12-08', '14:29:36'),
(801, 'NEMA', 'Viewed', 'SA', '2023-12-08', '14:30:01'),
(802, 'NEMA', 'Viewed', 'SA', '2023-12-08', '14:30:34'),
(803, 'NEMA', 'Viewed', 'SA', '2023-12-08', '14:30:45'),
(804, 'NEMA', 'Viewed', 'SA', '2023-12-08', '14:31:28'),
(805, 'NEMA', 'Viewed', 'SA', '2023-12-08', '14:32:27'),
(806, 'NEMA', 'Viewed', 'SA', '2023-12-08', '14:32:40'),
(807, 'NEMA', 'Viewed', 'SA', '2023-12-08', '14:33:14'),
(808, 'NEMA', 'Viewed', 'SA', '2023-12-08', '14:51:36'),
(809, 'NEMA', 'Viewed', 'SA', '2023-12-08', '14:52:04'),
(810, 'NEMA', 'Viewed', 'SA', '2023-12-08', '14:53:07'),
(811, 'NEMA', 'Viewed', 'SA', '2023-12-08', '14:55:58'),
(812, 'NEMA', 'Viewed', 'SA', '2023-12-08', '14:56:06'),
(813, 'NEMA', 'Viewed', 'SA', '2023-12-08', '14:56:30'),
(814, 'NEMA', 'Viewed', 'SA', '2023-12-08', '14:58:02'),
(815, 'NEMA', 'Viewed', 'SA', '2023-12-08', '14:59:06'),
(816, 'NEMA', 'Viewed', 'SA', '2023-12-08', '14:59:20'),
(817, 'NEMA', 'Viewed', 'SA', '2023-12-08', '14:59:56'),
(818, 'NEMA', 'Viewed', 'SA', '2023-12-08', '14:59:58'),
(819, 'NEMA', 'Viewed', 'SA', '2023-12-08', '15:04:17'),
(820, 'NEMA', 'Viewed', 'SA', '2023-12-08', '15:05:10'),
(821, 'NEMA', 'Viewed', 'SA', '2023-12-08', '15:05:24'),
(822, 'NEMA', 'Viewed', 'SA', '2023-12-08', '15:05:32'),
(823, 'NEMA', 'Viewed', 'SA', '2023-12-08', '15:05:39'),
(824, 'NEMA', 'Viewed', 'SA', '2023-12-08', '15:10:42'),
(825, 'NEMA', 'Viewed', 'SA', '2023-12-08', '15:10:49'),
(826, 'NEMA', 'Viewed', 'SA', '2023-12-08', '15:10:55'),
(827, 'NEMA', 'Viewed', 'SA', '2023-12-08', '15:11:03'),
(828, 'NEMA', 'Added', 'SA', '2023-12-08', '22:20:49'),
(829, 'NEMA', 'Added', 'SA', '2023-12-08', '22:21:40'),
(830, 'NEMA', 'Viewed', 'SA', '2023-12-08', '15:22:40'),
(831, 'NEMA', 'Viewed', 'SA', '2023-12-08', '15:23:53'),
(832, 'NEMA', 'Viewed', 'SA', '2023-12-08', '15:24:22'),
(833, 'NEMA', 'Viewed', 'SA', '2023-12-08', '15:27:10'),
(834, 'NEMA', 'Viewed', 'SA', '2023-12-08', '15:28:16'),
(835, 'NEMA', 'Viewed', 'SA', '2023-12-08', '15:28:49'),
(836, 'NEMA', 'Viewed', 'SA', '2023-12-08', '15:29:41'),
(837, 'NEMA', 'Viewed', 'SA', '2023-12-08', '15:29:57'),
(838, 'NEMA', 'Viewed', 'SA', '2023-12-08', '15:31:32'),
(839, 'NEMA', 'Viewed', 'SA', '2023-12-08', '15:32:08'),
(840, 'NEMA', 'Viewed', 'SA', '2023-12-08', '15:32:13'),
(841, 'NEMA', 'Viewed', 'SA', '2023-12-08', '15:32:53'),
(842, 'NEMA', 'Viewed', 'SA', '2023-12-08', '15:33:51'),
(843, 'NEMA', 'Viewed', 'SA', '2023-12-08', '15:34:01'),
(844, 'NEMA', 'Viewed', 'SA', '2023-12-08', '15:34:29'),
(845, 'NEMA', 'Viewed', 'SA', '2023-12-08', '15:34:33'),
(846, 'NEMA', 'Viewed', 'SA', '2023-12-08', '15:34:45'),
(847, 'NEMA', 'Viewed', 'SA', '2023-12-08', '15:34:51'),
(848, 'NEMA', 'Viewed', 'SA', '2023-12-08', '15:35:01'),
(849, 'NEMA', 'Viewed', 'SA', '2023-12-08', '15:43:10'),
(850, 'NEMA', 'Viewed', 'SA', '2023-12-08', '15:48:53'),
(851, 'NEMA', 'Viewed', 'SA', '2023-12-08', '15:51:07'),
(852, 'NEMA', 'Viewed', 'SA', '2023-12-08', '15:53:58'),
(853, 'NEMA', 'Viewed', 'SA', '2023-12-08', '15:54:12'),
(854, 'NEMA', 'Viewed', 'SA', '2023-12-08', '15:54:29'),
(855, 'NEMA', 'Viewed', 'SA', '2023-12-08', '15:55:20'),
(856, 'NEMA', 'Viewed', 'SA', '2023-12-08', '15:55:24'),
(857, 'NEMA', 'Viewed', 'SA', '2023-12-08', '15:56:18'),
(858, 'NEMA', 'Viewed', 'SA', '2023-12-08', '15:56:30'),
(859, 'NEMA', 'Viewed', 'SA', '2023-12-08', '15:56:41'),
(860, 'NEMA', 'Viewed', 'SA', '2023-12-08', '15:56:54'),
(861, 'NEMA', 'Viewed', 'SA', '2023-12-08', '15:57:32'),
(862, 'NEMA', 'Viewed', 'SA', '2023-12-08', '15:57:50'),
(863, 'NEMA', 'Viewed', 'SA', '2023-12-08', '16:03:35'),
(864, 'NEMA', 'Viewed', 'SA', '2023-12-09', '03:16:23'),
(865, 'NEMA', 'Viewed', 'SA', '2023-12-09', '03:19:30'),
(866, 'NEMA', 'Viewed', 'SA', '2023-12-09', '03:25:40'),
(867, 'NEMA', 'Viewed', 'SA', '2023-12-09', '03:25:44'),
(868, 'NEMA', 'Viewed', 'SA', '2023-12-09', '03:26:48'),
(869, 'NEMA', 'Viewed', 'SA', '2023-12-09', '03:27:37'),
(870, 'NEMA', 'Viewed', 'SA', '2023-12-09', '03:30:42'),
(871, 'NEMA', 'Viewed', 'SA', '2023-12-09', '03:31:42'),
(872, 'NEMA', 'Viewed', 'SA', '2023-12-09', '03:34:58'),
(873, 'NEMA', 'Viewed', 'SA', '2023-12-09', '03:35:16'),
(874, 'NEMA', 'Viewed', 'SA', '2023-12-09', '03:40:42'),
(875, 'NEMA', 'Viewed', 'SA', '2023-12-09', '03:42:35'),
(876, 'NEMA', 'Viewed', 'SA', '2023-12-09', '03:43:48'),
(877, 'NEMA', 'Viewed', 'SA', '2023-12-09', '03:46:27'),
(878, 'NEMA', 'Viewed', 'SA', '2023-12-09', '03:51:05'),
(879, 'NEMA', 'Viewed', 'SA', '2023-12-09', '03:51:12'),
(880, 'NEMA', 'Viewed', 'SA', '2023-12-09', '03:52:55'),
(881, 'NEMA', 'Viewed', 'SA', '2023-12-09', '03:53:15'),
(882, 'NEMA', 'Viewed', 'SA', '2023-12-09', '03:53:22'),
(883, 'NEMA', 'Viewed', 'SA', '2023-12-09', '03:55:24'),
(884, 'NEMA', 'Viewed', 'SA', '2023-12-09', '03:59:22'),
(885, 'NEMA', 'Viewed', 'SA', '2023-12-09', '04:01:51'),
(886, 'NEMA', 'Viewed', 'SA', '2023-12-09', '04:05:43'),
(887, 'NEMA', 'Viewed', 'SA', '2023-12-09', '04:08:02'),
(888, 'NEMA', 'Viewed', 'SA', '2023-12-09', '04:08:27'),
(889, 'NEMA', 'Viewed', 'SA', '2023-12-09', '04:09:59'),
(890, 'NEMA', 'Viewed', 'SA', '2023-12-09', '04:10:27'),
(891, 'NEMA', 'Viewed', 'SA', '2023-12-09', '04:11:11'),
(892, 'NEMA', 'Viewed', 'SA', '2023-12-09', '04:11:43'),
(893, 'NEMA', 'Viewed', 'SA', '2023-12-09', '04:11:55'),
(894, 'NEMA', 'Viewed', 'SA', '2023-12-09', '04:12:44'),
(895, 'NEMA', 'Viewed', 'SA', '2023-12-09', '04:13:00'),
(896, 'NEMA', 'Viewed', 'SA', '2023-12-09', '04:14:52'),
(897, 'NEMA', 'Viewed', 'SA', '2023-12-09', '04:17:56'),
(898, 'NEMA', 'Viewed', 'SA', '2023-12-09', '04:18:02'),
(899, 'NEMA', 'Viewed', 'SA', '2023-12-09', '04:18:21'),
(900, 'NEMA', 'Viewed', 'SA', '2023-12-09', '04:18:55'),
(901, 'NEMA', 'Viewed', 'SA', '2023-12-09', '04:19:00'),
(902, 'NEMA', 'Viewed', 'SA', '2023-12-09', '04:19:30'),
(903, 'NEMA', 'Viewed', 'SA', '2023-12-09', '04:21:05'),
(904, 'NEMA', 'Viewed', 'SA', '2023-12-09', '04:21:18'),
(905, 'NEMA', 'Viewed', 'SA', '2023-12-09', '04:21:24'),
(906, 'NEMA', 'Viewed', 'SA', '2023-12-09', '04:21:36'),
(907, 'NEMA', 'Viewed', 'SA', '2023-12-09', '04:22:06'),
(908, 'NEMA', 'Viewed', 'SA', '2023-12-09', '04:22:47'),
(909, 'NEMA', 'Viewed', 'SA', '2023-12-09', '04:23:58'),
(910, 'NEMA', 'Viewed', 'SA', '2023-12-09', '04:24:27'),
(911, 'NEMA', 'Viewed', 'SA', '2023-12-09', '04:24:45'),
(912, 'NEMA', 'Viewed', 'SA', '2023-12-09', '04:24:53'),
(913, 'NEMA', 'Viewed', 'SA', '2023-12-09', '04:25:20'),
(914, 'NEMA', 'Viewed', 'SA', '2023-12-09', '04:25:41'),
(915, 'NEMA', 'Viewed', 'SA', '2023-12-09', '04:26:11'),
(916, 'NEMA', 'Viewed', 'SA', '2023-12-09', '04:27:20'),
(917, 'NEMA', 'Viewed', 'SA', '2023-12-09', '04:27:37'),
(918, 'NEMA', 'Viewed', 'SA', '2023-12-09', '04:28:02'),
(919, 'NEMA', 'Viewed', 'SA', '2023-12-09', '04:28:07'),
(920, 'NEMA', 'Viewed', 'SA', '2023-12-09', '04:28:17'),
(921, 'NEMA', 'Viewed', 'SA', '2023-12-09', '04:28:30'),
(922, 'NEMA', 'Viewed', 'SA', '2023-12-09', '04:28:37'),
(923, 'NEMA', 'Viewed', 'SA', '2023-12-09', '04:29:35'),
(924, 'NEMA', 'Viewed', 'SA', '2023-12-09', '04:31:53'),
(925, 'NEMA', 'Viewed', 'SA', '2023-12-09', '04:33:41'),
(926, 'NEMA', 'Viewed', 'SA', '2023-12-09', '04:38:53'),
(927, 'NEMA', 'Viewed', 'SA', '2023-12-09', '04:40:56'),
(928, 'NEMA', 'Viewed', 'SA', '2023-12-09', '04:41:02'),
(929, 'NEMA', 'Viewed', 'SA', '2023-12-09', '04:41:33'),
(930, 'NEMA', 'Viewed', 'SA', '2023-12-09', '05:08:02'),
(931, 'NEMA', 'Viewed', 'SA', '2023-12-09', '05:13:57'),
(932, 'NEMA', 'Viewed', 'SA', '2023-12-09', '05:14:19'),
(933, 'NEMA', 'Viewed', 'SA', '2023-12-09', '05:16:21'),
(934, 'NEMA', 'Viewed', 'SA', '2023-12-09', '05:18:25'),
(935, 'NEMA', 'Viewed', 'SA', '2023-12-09', '05:19:24'),
(936, 'NEMA', 'Viewed', 'SA', '2023-12-09', '05:20:58'),
(937, 'NEMA', 'Viewed', 'SA', '2023-12-09', '05:21:42'),
(938, 'NEMA', 'Viewed', 'SA', '2023-12-09', '05:21:43'),
(939, 'NEMA', 'Viewed', 'SA', '2023-12-09', '05:22:36'),
(940, 'NEMA', 'Viewed', 'SA', '2023-12-09', '05:24:12'),
(941, 'NEMA', 'Viewed', 'SA', '2023-12-09', '05:24:36'),
(942, 'NEMA', 'Viewed', 'SA', '2023-12-09', '05:24:49'),
(943, 'NEMA', 'Viewed', 'SA', '2023-12-09', '05:34:07'),
(944, 'NEMA', 'Viewed', 'SA', '2023-12-09', '05:34:51'),
(945, 'NEMA', 'Viewed', 'SA', '2023-12-09', '05:36:24'),
(946, 'NEMA', 'Viewed', 'SA', '2023-12-09', '05:39:17'),
(947, 'NEMA', 'Viewed', 'SA', '2023-12-09', '05:42:05'),
(948, 'NEMA', 'Viewed', 'SA', '2023-12-09', '05:43:08'),
(949, 'NEMA', 'Viewed', 'SA', '2023-12-09', '05:43:15'),
(950, 'NEMA', 'Viewed', 'SA', '2023-12-09', '05:44:06'),
(951, 'NEMA', 'Viewed', 'SA', '2023-12-09', '05:44:21'),
(952, 'NEMA', 'Viewed', 'SA', '2023-12-09', '05:44:47'),
(953, 'NEMA', 'Viewed', 'SA', '2023-12-09', '05:45:08'),
(954, 'NEMA', 'Viewed', 'SA', '2023-12-09', '05:45:34'),
(955, 'NEMA', 'Viewed', 'SA', '2023-12-09', '06:02:38'),
(956, 'NEMA', 'Viewed', 'SA', '2023-12-09', '06:03:34'),
(957, 'NEMA', 'Viewed', 'SA', '2023-12-09', '06:04:57'),
(958, 'NEMA', 'Viewed', 'SA', '2023-12-09', '06:11:14'),
(959, 'NEMA', 'Viewed', 'SA', '2023-12-09', '06:11:57'),
(960, 'NEMA', 'Viewed', 'SA', '2023-12-09', '06:12:08'),
(961, 'NEMA', 'Viewed', 'SA', '2023-12-09', '06:12:24'),
(962, '', 'Viewed', 'SA', '2023-12-09', '11:27:43'),
(963, 'NEMA', 'Viewed', 'SA', '2023-12-09', '11:35:06'),
(964, 'NEMA', 'Viewed', 'SA', '2023-12-09', '11:35:33'),
(965, 'NEMA', 'Added', 'SA', '2023-12-09', '18:40:34'),
(966, 'NEMA', 'Viewed', 'SA', '2023-12-09', '11:41:12'),
(967, 'NEMA', 'Viewed', 'SA', '2023-12-09', '11:48:21'),
(968, 'NEMA', 'Viewed', 'SA', '2023-12-09', '11:49:04'),
(969, 'NEMA', 'Viewed', 'SA', '2023-12-09', '11:49:17'),
(970, 'NEMA', 'Viewed', 'SA', '2023-12-09', '11:49:47'),
(971, 'NEMA', 'Viewed', 'SA', '2023-12-09', '11:49:54'),
(972, 'NEMA', 'Viewed', 'SA', '2023-12-09', '11:50:15'),
(973, 'NEMA', 'Viewed', 'SA', '2023-12-09', '11:51:01'),
(974, 'NEMA', 'Viewed', 'SA', '2023-12-09', '11:52:02'),
(975, 'NEMA', 'Viewed', 'SA', '2023-12-09', '11:52:19'),
(976, 'NEMA', 'Viewed', 'SA', '2023-12-09', '11:52:33'),
(977, 'NEMA', 'Viewed', 'SA', '2023-12-09', '11:52:55'),
(978, 'NEMA', 'Viewed', 'SA', '2023-12-09', '11:53:22'),
(979, 'NEMA', 'Viewed', 'SA', '2023-12-09', '11:53:48'),
(980, 'NEMA', 'Viewed', 'SA', '2023-12-09', '11:54:07'),
(981, 'NEMA', 'Viewed', 'SA', '2023-12-09', '11:54:27'),
(982, 'NEMA', 'Viewed', 'SA', '2023-12-09', '11:56:31'),
(983, 'NEMA', 'Viewed', 'SA', '2023-12-09', '11:57:04'),
(984, 'NEMA', 'Viewed', 'SA', '2023-12-09', '11:58:31'),
(985, 'NEMA', 'Viewed', 'SA', '2023-12-09', '11:59:04'),
(986, 'NEMA', 'Viewed', 'SA', '2023-12-09', '12:00:08'),
(987, 'NEMA', 'Viewed', 'SA', '2023-12-09', '12:00:51'),
(988, 'NEMA', 'Viewed', 'SA', '2023-12-09', '12:01:24'),
(989, 'NEMA', 'Viewed', 'SA', '2023-12-09', '12:01:39'),
(990, 'NEMA', 'Viewed', 'SA', '2023-12-09', '12:03:23'),
(991, 'NEMA', 'Viewed', 'SA', '2023-12-09', '12:04:25'),
(992, 'NEMA', 'Viewed', 'SA', '2023-12-09', '12:04:44'),
(993, 'NEMA', 'Viewed', 'SA', '2023-12-09', '12:05:11'),
(994, 'NEMA', 'Viewed', 'SA', '2023-12-09', '12:05:43'),
(995, 'NEMA', 'Viewed', 'SA', '2023-12-09', '12:06:30'),
(996, 'NEMA', 'Viewed', 'SA', '2023-12-09', '12:06:59'),
(997, 'NEMA', 'Viewed', 'SA', '2023-12-09', '12:08:41'),
(998, 'NEMA', 'Viewed', 'SA', '2023-12-09', '12:09:48'),
(999, 'NEMA', 'Viewed', 'SA', '2023-12-09', '12:10:41'),
(1000, 'NEMA', 'Viewed', 'SA', '2023-12-09', '12:16:53'),
(1001, 'NEMA', 'Viewed', 'SA', '2023-12-09', '12:17:55'),
(1002, 'NEMA', 'Viewed', 'SA', '2023-12-09', '12:19:28'),
(1003, 'NEMA', 'Viewed', 'SA', '2023-12-09', '12:19:50'),
(1004, 'NEMA', 'Viewed', 'SA', '2023-12-09', '12:20:09'),
(1005, 'NEMA', 'Viewed', 'SA', '2023-12-09', '12:20:17'),
(1006, 'NEMA', 'Viewed', 'SA', '2023-12-09', '12:20:22'),
(1007, 'NEMA', 'Viewed', 'SA', '2023-12-09', '12:21:10'),
(1008, 'NEMA', 'Viewed', 'SA', '2023-12-09', '12:27:56'),
(1009, 'NEMA', 'Viewed', 'SA', '2023-12-09', '12:28:01'),
(1010, 'NEMA', 'Viewed', 'SA', '2023-12-09', '12:28:37'),
(1011, 'NEMA', 'Viewed', 'SA', '2023-12-09', '12:29:08'),
(1012, 'NEMA', 'Viewed', 'SA', '2023-12-09', '12:30:10'),
(1013, 'NEMA', 'Viewed', 'SA', '2023-12-09', '12:31:36'),
(1014, 'NEMA', 'Viewed', 'SA', '2023-12-09', '12:43:02'),
(1015, '', 'Viewed', 'SA', '2023-12-10', '11:30:59'),
(1016, 'NEMA', 'Viewed', 'SA', '2023-12-10', '11:31:25'),
(1017, 'NEMA', 'Viewed', 'SA', '2023-12-10', '11:32:16'),
(1018, 'NEMA', 'Viewed', 'SA', '2023-12-10', '11:32:16'),
(1019, 'NEMA', 'Viewed', 'SA', '2023-12-10', '11:32:19'),
(1020, 'NEMA', 'Viewed', 'SA', '2023-12-10', '11:32:32'),
(1021, 'NEMA', 'Viewed', 'SA', '2023-12-10', '11:35:23'),
(1022, 'NEMA', 'Viewed', 'SA', '2023-12-10', '11:35:27'),
(1023, 'NEMA', 'Viewed', 'SA', '2023-12-10', '11:36:02'),
(1024, 'NEMA', 'Viewed', 'SA', '2023-12-10', '11:40:45'),
(1025, 'NEMA', 'Viewed', 'SA', '2023-12-10', '11:41:12'),
(1026, 'NEMA', 'Viewed', 'SA', '2023-12-10', '11:42:08'),
(1027, 'NEMA', 'Viewed', 'SA', '2023-12-10', '11:42:36'),
(1028, 'NEMA', 'Viewed', 'SA', '2023-12-10', '11:43:45'),
(1029, 'NEMA', 'Viewed', 'SA', '2023-12-10', '11:44:27'),
(1030, 'NEMA', 'Viewed', 'SA', '2023-12-10', '11:47:51'),
(1031, 'NEMA', 'Viewed', 'SA', '2023-12-10', '11:48:07'),
(1032, 'NEMA', 'Viewed', 'SA', '2023-12-10', '11:48:14'),
(1033, 'NEMA', 'Viewed', 'SA', '2023-12-10', '11:49:59'),
(1034, 'NEMA', 'Viewed', 'SA', '2023-12-10', '11:50:12'),
(1035, 'NEMA', 'Viewed', 'SA', '2023-12-10', '11:50:37'),
(1036, 'NEMA', 'Viewed', 'SA', '2023-12-10', '11:50:45'),
(1037, 'NEMA', 'Viewed', 'SA', '2023-12-10', '11:50:48'),
(1038, 'NEMA', 'Viewed', 'SA', '2023-12-10', '11:51:04'),
(1039, 'NEMA', 'Viewed', 'SA', '2023-12-10', '11:51:15'),
(1040, 'NEMA', 'Viewed', 'SA', '2023-12-10', '11:51:34'),
(1041, 'NEMA', 'Viewed', 'SA', '2023-12-10', '11:52:49'),
(1042, 'NEMA', 'Viewed', 'SA', '2023-12-10', '11:52:53'),
(1043, 'NEMA', 'Viewed', 'SA', '2023-12-10', '11:53:45'),
(1044, 'NEMA', 'Viewed', 'SA', '2023-12-10', '11:56:14'),
(1045, 'NEMA', 'Viewed', 'SA', '2023-12-10', '12:05:01'),
(1046, 'NEMA', 'Viewed', 'SA', '2023-12-10', '12:05:29'),
(1047, 'NEMA', 'Viewed', 'SA', '2023-12-10', '12:24:39'),
(1048, 'NEMA', 'Added', 'SA', '2023-12-10', '19:36:27'),
(1049, 'NEMA', 'Added', 'SA', '2023-12-10', '19:38:33'),
(1050, 'NEMA', 'Added', 'SA', '2023-12-10', '19:39:14'),
(1051, 'NEMA', 'Added', 'SA', '2023-12-10', '19:41:04'),
(1052, 'NEMA', 'Added', 'SA', '2023-12-10', '19:41:08'),
(1053, 'NEMA', 'Added', 'SA', '2023-12-10', '20:04:57'),
(1054, 'NEMA', 'Added', 'SA', '2023-12-10', '20:05:17'),
(1055, 'NEMA', 'Added', 'SA', '2023-12-10', '20:09:28'),
(1056, 'NEMA', 'Added', 'SA', '2023-12-10', '20:10:43'),
(1057, 'NEMA', 'Viewed', 'SA', '2023-12-10', '13:11:08'),
(1058, 'NEMA', 'Viewed', 'SA', '2023-12-10', '13:11:25'),
(1059, 'NEMA', 'Viewed', 'SA', '2023-12-10', '13:14:26'),
(1060, 'NEMA', 'Viewed', 'SA', '2023-12-10', '13:18:36'),
(1061, 'NEMA', 'Viewed', 'SA', '2023-12-10', '13:18:45'),
(1062, 'NEMA', 'Viewed', 'SA', '2023-12-10', '13:18:48'),
(1063, 'NEMA', 'Viewed', 'SA', '2023-12-10', '13:20:47'),
(1064, 'NEMA', 'Viewed', 'SA', '2023-12-10', '13:21:45'),
(1065, 'NEMA', 'Added', 'SA', '2023-12-10', '20:27:04'),
(1066, 'NEMA', 'Added', 'SA', '2023-12-10', '20:31:02'),
(1067, 'NEMA', 'Viewed', 'SA', '2023-12-10', '13:31:28'),
(1068, 'NEMA', 'Viewed', 'SA', '2023-12-10', '13:31:31'),
(1069, 'NEMA', 'Viewed', 'SA', '2023-12-10', '13:32:43'),
(1070, 'NEMA', 'Viewed', 'SA', '2023-12-10', '13:35:09'),
(1071, 'NEMA', 'Viewed', 'SA', '2023-12-10', '13:35:18'),
(1072, 'NEMA', 'Viewed', 'SA', '2023-12-10', '13:37:07'),
(1073, 'NEMA', 'Viewed', 'SA', '2023-12-10', '13:37:56'),
(1074, 'NEMA', 'Viewed', 'SA', '2023-12-10', '13:40:21'),
(1075, 'NEMA', 'Viewed', 'SA', '2023-12-10', '13:40:52'),
(1076, 'NEMA', 'Viewed', 'SA', '2023-12-10', '13:52:35'),
(1077, 'NEMA', 'Viewed', 'SA', '2023-12-10', '13:52:51'),
(1078, 'NEMA', 'Viewed', 'SA', '2023-12-10', '13:53:00'),
(1079, 'NEMA', 'Viewed', 'SA', '2023-12-10', '13:56:07'),
(1080, 'NEMA', 'Viewed', 'SA', '2023-12-10', '13:56:26'),
(1081, 'NEMA', 'Viewed', 'SA', '2023-12-10', '13:56:34'),
(1082, 'NEMA', 'Viewed', 'SA', '2023-12-10', '13:57:30'),
(1083, 'NEMA', 'Viewed', 'SA', '2023-12-10', '14:00:59'),
(1084, 'NEMA', 'Viewed', 'SA', '2023-12-10', '14:02:18'),
(1085, 'NEMA', 'Viewed', 'SA', '2023-12-10', '14:06:49'),
(1086, 'NEMA', 'Viewed', 'SA', '2023-12-10', '14:08:06'),
(1087, 'NEMA', 'Viewed', 'SA', '2023-12-10', '14:08:10'),
(1088, 'NEMA', 'Viewed', 'SA', '2023-12-10', '14:08:27'),
(1089, 'NEMA', 'Viewed', 'SA', '2023-12-10', '14:08:32'),
(1090, 'NEMA', 'Viewed', 'SA', '2023-12-10', '14:10:04'),
(1091, 'NEMA', 'Viewed', 'SA', '2023-12-10', '14:10:58'),
(1092, 'NEMA', 'Viewed', 'SA', '2023-12-10', '14:11:47'),
(1093, 'NEMA', 'Viewed', 'SA', '2023-12-10', '14:11:49'),
(1094, 'NEMA', 'Viewed', 'SA', '2023-12-10', '14:12:51'),
(1095, 'NEMA', 'Viewed', 'SA', '2023-12-10', '14:14:40'),
(1096, '', 'Viewed', 'SA', '2023-12-13', '01:42:46'),
(1097, 'NEMA', 'Viewed', 'SA', '2023-12-13', '01:43:24'),
(1098, 'NEMA', 'Viewed', 'SA', '2023-12-13', '01:43:35'),
(1099, 'NEMA', 'Viewed', 'SA', '2023-12-13', '01:46:03'),
(1100, 'NEMA', 'Viewed', 'SA', '2023-12-13', '01:48:40'),
(1101, 'NEMA', 'Viewed', 'SA', '2023-12-13', '01:48:42'),
(1102, 'NEMA', 'Viewed', 'SA', '2023-12-13', '01:49:13'),
(1103, 'NEMA', 'Viewed', 'SA', '2023-12-13', '01:50:41'),
(1104, 'NEMA', 'Viewed', 'SA', '2023-12-13', '01:51:01'),
(1105, 'NEMA', 'Viewed', 'SA', '2023-12-13', '01:51:03'),
(1106, 'NEMA', 'Viewed', 'SA', '2023-12-13', '01:52:22'),
(1107, 'NEMA', 'Viewed', 'SA', '2023-12-13', '01:52:28'),
(1108, 'NEMA', 'Viewed', 'SA', '2023-12-13', '01:53:24'),
(1109, 'NEMA', 'Viewed', 'SA', '2023-12-13', '01:53:35'),
(1110, 'NEMA', 'Viewed', 'SA', '2023-12-13', '01:54:29'),
(1111, 'NEMA', 'Viewed', 'SA', '2023-12-13', '01:54:35'),
(1112, 'NEMA', 'Viewed', 'SA', '2023-12-13', '01:55:33'),
(1113, 'NEMA', 'Viewed', 'SA', '2023-12-13', '01:55:35'),
(1114, 'NEMA', 'Viewed', 'SA', '2023-12-13', '01:56:41'),
(1115, 'NEMA', 'Viewed', 'SA', '2023-12-13', '02:00:38'),
(1116, 'NEMA', 'Viewed', 'SA', '2023-12-13', '02:02:06'),
(1117, 'NEMA', 'Viewed', 'SA', '2023-12-13', '02:02:11'),
(1118, 'NEMA', 'Viewed', 'SA', '2023-12-13', '02:06:38'),
(1119, 'NEMA', 'Viewed', 'SA', '2023-12-13', '02:06:42'),
(1120, 'NEMA', 'Viewed', 'SA', '2023-12-13', '02:07:49'),
(1121, 'NEMA', 'Viewed', 'SA', '2023-12-13', '02:11:39'),
(1122, 'NEMA', 'Viewed', 'SA', '2023-12-13', '02:11:42'),
(1123, 'NEMA', 'Viewed', 'SA', '2023-12-13', '02:14:45'),
(1124, 'NEMA', 'Viewed', 'SA', '2023-12-13', '02:14:47'),
(1125, 'NEMA', 'Viewed', 'SA', '2023-12-13', '02:18:26'),
(1126, 'NEMA', 'Viewed', 'SA', '2023-12-13', '02:18:44'),
(1127, 'NEMA', 'Viewed', 'SA', '2023-12-13', '02:22:03'),
(1128, 'NEMA', 'Viewed', 'SA', '2023-12-13', '02:22:05'),
(1129, 'NEMA', 'Added', 'SA', '2023-12-13', '09:30:14'),
(1130, 'NEMA', 'Viewed', 'SA', '2023-12-13', '02:32:44'),
(1131, 'NEMA', 'Added', 'SA', '2023-12-13', '09:37:29'),
(1132, 'NEMA', 'Added', 'SA', '2023-12-13', '09:39:35'),
(1133, 'NEMA', 'Added', 'SA', '2023-12-13', '09:45:46'),
(1134, 'NEMA', 'Viewed', 'SA', '2023-12-13', '02:46:16'),
(1135, 'NEMA', 'Viewed', 'SA', '2023-12-13', '02:48:10'),
(1136, 'NEMA', 'Viewed', 'SA', '2023-12-13', '02:48:55'),
(1137, 'NEMA', 'Viewed', 'SA', '2023-12-13', '02:49:17'),
(1138, 'NEMA', 'Viewed', 'SA', '2023-12-13', '02:53:31'),
(1139, 'NEMA', 'Viewed', 'SA', '2023-12-13', '02:55:45'),
(1140, 'NEMA', 'Viewed', 'SA', '2023-12-13', '02:58:12'),
(1141, 'NEMA', 'Viewed', 'SA', '2023-12-13', '02:58:24'),
(1142, 'NEMA', 'Viewed', 'SA', '2023-12-13', '02:58:40'),
(1143, 'NEMA', 'Viewed', 'SA', '2023-12-13', '02:58:52'),
(1144, 'NEMA', 'Viewed', 'SA', '2023-12-13', '02:58:58'),
(1145, 'NEMA', 'Viewed', 'SA', '2023-12-13', '03:01:29'),
(1146, 'NEMA', 'Viewed', 'SA', '2023-12-13', '03:01:48'),
(1147, 'NEMA', 'Viewed', 'SA', '2023-12-13', '03:02:12'),
(1148, 'NEMA', 'Viewed', 'SA', '2023-12-13', '03:04:11'),
(1149, 'NEMA', 'Viewed', 'SA', '2023-12-13', '03:04:17'),
(1150, 'NEMA', 'Viewed', 'SA', '2023-12-13', '03:04:24'),
(1151, 'NEMA', 'Viewed', 'SA', '2023-12-13', '03:06:26'),
(1152, 'NEMA', 'Viewed', 'SA', '2023-12-13', '03:06:29'),
(1153, 'NEMA', 'Viewed', 'SA', '2023-12-13', '03:08:16'),
(1154, 'NEMA', 'Viewed', 'SA', '2023-12-13', '03:08:51'),
(1155, 'NEMA', 'Viewed', 'SA', '2023-12-13', '03:09:52'),
(1156, 'NEMA', 'Viewed', 'SA', '2023-12-13', '03:09:57'),
(1157, 'NEMA', 'Viewed', 'SA', '2023-12-13', '03:10:03'),
(1158, 'NEMA', 'Viewed', 'SA', '2023-12-13', '03:10:07'),
(1159, 'NEMA', 'Viewed', 'SA', '2023-12-13', '03:10:31'),
(1160, 'NEMA', 'Viewed', 'SA', '2023-12-13', '03:10:40'),
(1161, 'NEMA', 'Viewed', 'SA', '2023-12-13', '03:10:59'),
(1162, 'NEMA', 'Viewed', 'SA', '2023-12-13', '03:11:22'),
(1163, 'NEMA', 'Viewed', 'SA', '2023-12-13', '03:15:14'),
(1164, 'NEMA', 'Viewed', 'SA', '2023-12-13', '03:15:17'),
(1165, 'NEMA', 'Viewed', 'SA', '2023-12-13', '03:15:23'),
(1166, 'NEMA', 'Viewed', 'SA', '2023-12-13', '03:15:26'),
(1167, 'NEMA', 'Viewed', 'SA', '2023-12-13', '03:15:43'),
(1168, 'NEMA', 'Viewed', 'SA', '2023-12-13', '03:15:57'),
(1169, 'NEMA', 'Viewed', 'SA', '2023-12-13', '03:16:42'),
(1170, 'NEMA', 'Viewed', 'SA', '2023-12-13', '03:16:58'),
(1171, 'NEMA', 'Viewed', 'SA', '2023-12-13', '03:22:42'),
(1172, 'NEMA', 'Viewed', 'SA', '2023-12-13', '03:24:49'),
(1173, 'NEMA', 'Viewed', 'SA', '2023-12-13', '03:24:52'),
(1174, 'NEMA', 'Viewed', 'SA', '2023-12-13', '03:24:58'),
(1175, 'NEMA', 'Viewed', 'SA', '2023-12-13', '03:25:58'),
(1176, 'NEMA', 'Viewed', 'SA', '2023-12-13', '03:26:38'),
(1177, 'NEMA', 'Viewed', 'SA', '2023-12-13', '03:32:06'),
(1178, 'NEMA', 'Viewed', 'SA', '2023-12-13', '03:32:37'),
(1179, 'NEMA', 'Viewed', 'SA', '2023-12-13', '03:36:23'),
(1180, 'NEMA', 'Viewed', 'SA', '2023-12-13', '03:36:46'),
(1181, 'NEMA', 'Viewed', 'SA', '2023-12-13', '03:36:50'),
(1182, 'NEMA', 'Viewed', 'SA', '2023-12-13', '03:38:45'),
(1183, 'NEMA', 'Viewed', 'SA', '2023-12-13', '03:38:49'),
(1184, 'NEMA', 'Viewed', 'SA', '2023-12-13', '03:40:03'),
(1185, 'NEMA', 'Viewed', 'SA', '2023-12-13', '03:41:07'),
(1186, 'NEMA', 'Viewed', 'SA', '2023-12-13', '03:41:44'),
(1187, 'NEMA', 'Viewed', 'SA', '2023-12-13', '03:41:48'),
(1188, 'NEMA', 'Viewed', 'SA', '2023-12-13', '03:42:48'),
(1189, 'NEMA', 'Viewed', 'SA', '2023-12-13', '03:43:05'),
(1190, 'NEMA', 'Viewed', 'SA', '2023-12-13', '03:46:35'),
(1191, 'NEMA', 'Viewed', 'SA', '2023-12-13', '03:48:27'),
(1192, 'NEMA', 'Viewed', 'SA', '2023-12-13', '03:49:32'),
(1193, 'NEMA', 'Viewed', 'SA', '2023-12-13', '03:49:43'),
(1194, 'NEMA', 'Viewed', 'SA', '2023-12-13', '03:53:01'),
(1195, 'NEMA', 'Viewed', 'SA', '2023-12-13', '03:53:05'),
(1196, 'NEMA', 'Viewed', 'SA', '2023-12-13', '03:56:26'),
(1197, 'NEMA', 'Viewed', 'SA', '2023-12-13', '03:56:29'),
(1198, 'NEMA', 'Viewed', 'SA', '2023-12-13', '03:56:56'),
(1199, 'NEMA', 'Viewed', 'SA', '2023-12-13', '03:58:22'),
(1200, 'NEMA', 'Viewed', 'SA', '2023-12-13', '03:59:06'),
(1201, 'NEMA', 'Viewed', 'SA', '2023-12-13', '03:59:11'),
(1202, 'NEMA', 'Viewed', 'SA', '2023-12-13', '04:00:11'),
(1203, 'NEMA', 'Viewed', 'SA', '2023-12-13', '04:00:36'),
(1204, 'NEMA', 'Viewed', 'SA', '2023-12-13', '04:01:18'),
(1205, 'NEMA', 'Viewed', 'SA', '2023-12-13', '04:02:45'),
(1206, 'NEMA', 'Viewed', 'SA', '2023-12-13', '04:03:04'),
(1207, 'NEMA', 'Viewed', 'SA', '2023-12-13', '04:04:23'),
(1208, 'NEMA', 'Viewed', 'SA', '2023-12-13', '04:05:09'),
(1209, 'NEMA', 'Viewed', 'SA', '2023-12-13', '04:05:26'),
(1210, 'NEMA', 'Viewed', 'SA', '2023-12-13', '04:05:31'),
(1211, 'NEMA', 'Viewed', 'SA', '2023-12-13', '04:05:48'),
(1212, 'NEMA', 'Viewed', 'SA', '2023-12-13', '04:06:03'),
(1213, 'NEMA', 'Viewed', 'SA', '2023-12-13', '04:06:14'),
(1214, 'NEMA', 'Viewed', 'SA', '2023-12-13', '04:06:44'),
(1215, 'NEMA', 'Viewed', 'SA', '2023-12-13', '04:08:12'),
(1216, 'NEMA', 'Viewed', 'SA', '2023-12-13', '04:08:41'),
(1217, 'NEMA', 'Viewed', 'SA', '2023-12-13', '04:08:48'),
(1218, 'NEMA', 'Viewed', 'SA', '2023-12-13', '04:08:58'),
(1219, 'NEMA', 'Viewed', 'SA', '2023-12-13', '04:09:21'),
(1220, 'NEMA', 'Viewed', 'SA', '2023-12-13', '04:09:44'),
(1221, 'NEMA', 'Viewed', 'SA', '2023-12-13', '04:12:56'),
(1222, 'NEMA', 'Viewed', 'SA', '2023-12-13', '04:13:01'),
(1223, 'NEMA', 'Viewed', 'SA', '2023-12-13', '04:13:13'),
(1224, 'NEMA', 'Viewed', 'SA', '2023-12-13', '04:14:41'),
(1225, 'NEMA', 'Viewed', 'SA', '2023-12-13', '04:15:38'),
(1226, 'NEMA', 'Viewed', 'SA', '2023-12-13', '04:15:55'),
(1227, 'NEMA', 'Viewed', 'SA', '2023-12-13', '04:16:01'),
(1228, 'NEMA', 'Viewed', 'SA', '2023-12-13', '04:16:13'),
(1229, 'NEMA', 'Viewed', 'SA', '2023-12-13', '04:16:32'),
(1230, 'NEMA', 'Viewed', 'SA', '2023-12-13', '04:17:09'),
(1231, 'NEMA', 'Viewed', 'SA', '2023-12-13', '04:17:20'),
(1232, 'NEMA', 'Viewed', 'SA', '2023-12-13', '04:17:20'),
(1233, 'NEMA', 'Added', 'SA', '2023-12-13', '11:30:30'),
(1234, 'NEMA', 'Viewed', 'SA', '2023-12-13', '04:30:44'),
(1235, 'NEMA', 'Viewed', 'SA', '2023-12-13', '04:31:06'),
(1236, 'NEMA', 'Viewed', 'SA', '2023-12-13', '04:31:17'),
(1237, 'NEMA', 'Viewed', 'SA', '2023-12-13', '04:35:51'),
(1238, 'NEMA', 'Viewed', 'SA', '2023-12-13', '04:35:57'),
(1239, 'NEMA', 'Viewed', 'SA', '2023-12-13', '04:36:26'),
(1240, 'NEMA', 'Viewed', 'SA', '2023-12-13', '04:36:32'),
(1241, 'NEMA', 'Viewed', 'SA', '2023-12-13', '04:37:11'),
(1242, 'NEMA', 'Viewed', 'SA', '2023-12-13', '04:37:40'),
(1243, 'NEMA', 'Viewed', 'SA', '2023-12-13', '04:37:59'),
(1244, 'NEMA', 'Viewed', 'SA', '2023-12-13', '04:39:39'),
(1245, 'NEMA', 'Added', 'SA', '2023-12-13', '11:39:42'),
(1246, 'NEMA', 'Viewed', 'SA', '2023-12-13', '04:39:46'),
(1247, 'NEMA', 'Viewed', 'SA', '2023-12-13', '04:40:11'),
(1248, 'NEMA', 'Viewed', 'SA', '2023-12-13', '04:40:16'),
(1249, 'NEMA', 'Viewed', 'SA', '2023-12-13', '04:40:34'),
(1250, 'NEMA', 'Viewed', 'SA', '2023-12-13', '04:41:00'),
(1251, 'NEMA', 'Viewed', 'SA', '2023-12-13', '04:41:15'),
(1252, 'NEMA', 'Viewed', 'SA', '2023-12-13', '04:41:41'),
(1253, 'NEMA', 'Viewed', 'SA', '2023-12-13', '04:43:14'),
(1254, 'NEMA', 'Viewed', 'SA', '2023-12-13', '04:44:04'),
(1255, 'NEMA', 'Viewed', 'SA', '2023-12-13', '05:01:01'),
(1256, 'NEMA', 'Viewed', 'SA', '2023-12-13', '05:06:02'),
(1257, 'NEMA', 'Viewed', 'SA', '2023-12-13', '05:06:26'),
(1258, 'NEMA', 'Viewed', 'SA', '2023-12-13', '05:07:12'),
(1259, 'NEMA', 'Viewed', 'SA', '2023-12-13', '05:07:57'),
(1260, 'NEMA', 'Viewed', 'SA', '2023-12-13', '05:08:21'),
(1261, 'NEMA', 'Viewed', 'SA', '2023-12-13', '05:08:36'),
(1262, 'NEMA', 'Viewed', 'SA', '2023-12-13', '05:09:23'),
(1263, 'NEMA', 'Viewed', 'SA', '2023-12-13', '05:09:33'),
(1264, 'NEMA', 'Viewed', 'SA', '2023-12-13', '05:09:42'),
(1265, 'NEMA', 'Viewed', 'SA', '2023-12-13', '05:09:58'),
(1266, 'NEMA', 'Viewed', 'SA', '2023-12-13', '05:11:29'),
(1267, 'NEMA', 'Viewed', 'SA', '2023-12-13', '05:12:50'),
(1268, 'NEMA', 'Viewed', 'SA', '2023-12-13', '05:13:19'),
(1269, 'NEMA', 'Viewed', 'SA', '2023-12-13', '05:13:23'),
(1270, 'NEMA', 'Viewed', 'SA', '2023-12-13', '05:13:27'),
(1271, 'NEMA', 'Viewed', 'SA', '2023-12-13', '05:13:58'),
(1272, 'NEMA', 'Viewed', 'SA', '2023-12-13', '05:14:03'),
(1273, 'NEMA', 'Viewed', 'SA', '2023-12-13', '05:14:19'),
(1274, 'NEMA', 'Viewed', 'SA', '2023-12-13', '05:14:42'),
(1275, 'NEMA', 'Viewed', 'SA', '2023-12-13', '05:14:47'),
(1276, 'NEMA', 'Viewed', 'SA', '2023-12-13', '05:15:07'),
(1277, 'NEMA', 'Viewed', 'SA', '2023-12-13', '05:15:11'),
(1278, 'NEMA', 'Viewed', 'SA', '2023-12-13', '05:15:15'),
(1279, 'NEMA', 'Viewed', 'SA', '2023-12-13', '05:15:26'),
(1280, 'NEMA', 'Viewed', 'SA', '2023-12-13', '05:16:41'),
(1281, 'NEMA', 'Viewed', 'SA', '2023-12-13', '05:18:29'),
(1282, 'NEMA', 'Viewed', 'SA', '2023-12-13', '05:18:32'),
(1283, 'NEMA', 'Viewed', 'SA', '2023-12-13', '05:18:38'),
(1284, 'NEMA', 'Viewed', 'SA', '2023-12-13', '05:19:04'),
(1285, '', 'Viewed', 'SA', '2023-12-13', '11:24:46'),
(1286, '', 'Viewed', 'SA', '2023-12-13', '11:24:46'),
(1287, 'NEMA', 'Viewed', 'SA', '2023-12-13', '11:28:02'),
(1288, 'NEMA', 'Viewed', 'SA', '2023-12-13', '11:29:32'),
(1289, 'NEMA', 'Viewed', 'SA', '2023-12-13', '11:38:55'),
(1290, 'NEMA', 'Viewed', 'SA', '2023-12-13', '11:58:15'),
(1291, 'NEMA', 'Viewed', 'SA', '2023-12-13', '11:58:26'),
(1292, 'NEMA', 'Viewed', 'SA', '2023-12-13', '11:58:30'),
(1293, 'NEMA', 'Viewed', 'SA', '2023-12-13', '11:58:34'),
(1294, 'NEMA', 'Viewed', 'SA', '2023-12-13', '11:59:18'),
(1295, 'NEMA', 'Viewed', 'SA', '2023-12-13', '12:03:01'),
(1296, 'NEMA', 'Viewed', 'SA', '2023-12-13', '12:14:48'),
(1297, 'NEMA', 'Viewed', 'SA', '2023-12-13', '12:18:14'),
(1298, 'NEMA', 'Viewed', 'SA', '2023-12-13', '12:21:06'),
(1299, 'NEMA', 'Viewed', 'SA', '2023-12-13', '12:27:14'),
(1300, 'NEMA', 'Viewed', 'SA', '2023-12-13', '12:31:36'),
(1301, 'NEMA', 'Viewed', 'SA', '2023-12-13', '12:31:42'),
(1302, 'NEMA', 'Viewed', 'SA', '2023-12-13', '12:34:42'),
(1303, 'NEMA', 'Viewed', 'SA', '2023-12-13', '12:37:16'),
(1304, 'NEMA', 'Viewed', 'SA', '2023-12-13', '12:37:22'),
(1305, 'NEMA', 'Viewed', 'SA', '2023-12-13', '12:38:16'),
(1306, 'NEMA', 'Viewed', 'SA', '2023-12-13', '12:38:31'),
(1307, 'NEMA', 'Viewed', 'SA', '2023-12-13', '12:39:03'),
(1308, 'NEMA', 'Viewed', 'SA', '2023-12-13', '12:42:46'),
(1309, 'NEMA', 'Viewed', 'SA', '2023-12-13', '12:43:34'),
(1310, 'NEMA', 'Viewed', 'SA', '2023-12-13', '12:46:08'),
(1311, 'NEMA', 'Viewed', 'SA', '2023-12-13', '12:46:12'),
(1312, 'NEMA', 'Viewed', 'SA', '2023-12-13', '12:47:08'),
(1313, 'NEMA', 'Viewed', 'SA', '2023-12-13', '12:53:48'),
(1314, 'NEMA', 'Viewed', 'SA', '2023-12-13', '12:54:38'),
(1315, 'NEMA', 'Viewed', 'SA', '2023-12-13', '12:55:06'),
(1316, 'NEMA', 'Viewed', 'SA', '2023-12-13', '12:55:09'),
(1317, 'NEMA', 'Viewed', 'SA', '2023-12-13', '12:58:16'),
(1318, 'NEMA', 'Viewed', 'SA', '2023-12-13', '12:59:57'),
(1319, '', 'Viewed', 'SA', '2023-12-13', '14:38:21'),
(1320, 'NEMA', 'Viewed', 'SA', '2023-12-13', '14:40:54'),
(1321, 'NEMA', 'Viewed', 'SA', '2023-12-13', '14:52:45'),
(1322, 'NEMA', 'Viewed', 'SA', '2023-12-13', '14:56:13'),
(1323, 'NEMA', 'Viewed', 'SA', '2023-12-13', '14:56:18'),
(1324, 'NEMA', 'Edited', 'SA', '2023-12-13', '21:56:22'),
(1325, 'NEMA', 'Viewed', 'SA', '2023-12-13', '14:56:31');
INSERT INTO `audit_trail` (`audit_trail_Id`, `user`, `event`, `form`, `date`, `time`) VALUES
(1326, 'NEMA', 'Edited', 'SA', '2023-12-13', '21:57:20'),
(1327, 'NEMA', 'Viewed', 'SA', '2023-12-13', '14:57:23'),
(1328, 'NEMA', 'Viewed', 'SA', '2023-12-13', '14:57:44'),
(1329, 'NEMA', 'Edited', 'SA', '2023-12-13', '21:57:54'),
(1330, 'NEMA', 'Viewed', 'SA', '2023-12-13', '14:57:56'),
(1331, 'NEMA', 'Viewed', 'SA', '2023-12-13', '14:58:43'),
(1332, 'NEMA', 'Edited', 'SA', '2023-12-13', '21:58:47'),
(1333, 'NEMA', 'Viewed', 'SA', '2023-12-13', '15:00:11'),
(1334, 'NEMA', 'Edited', 'SA', '2023-12-13', '22:00:19'),
(1335, 'NEMA', 'Viewed', 'SA', '2023-12-13', '15:00:27'),
(1336, 'NEMA', 'Viewed', 'SA', '2023-12-13', '15:00:35'),
(1337, 'NEMA', 'Edited', 'SA', '2023-12-13', '22:00:41'),
(1338, 'NEMA', 'Viewed', 'SA', '2023-12-13', '15:00:46'),
(1339, 'NEMA', 'Edited', 'SA', '2023-12-13', '22:01:11'),
(1340, 'NEMA', 'Viewed', 'SA', '2023-12-13', '15:01:16'),
(1341, 'NEMA', 'Viewed', 'SA', '2023-12-13', '15:04:59'),
(1342, 'NEMA', 'Viewed', 'SA', '2023-12-13', '15:07:15'),
(1343, 'NEMA', 'Edited', 'SA', '2023-12-13', '22:07:25'),
(1344, 'NEMA', 'Viewed', 'SA', '2023-12-13', '15:07:30'),
(1345, 'NEMA', 'Viewed', 'SA', '2023-12-13', '15:07:36'),
(1346, 'NEMA', 'Edited', 'SA', '2023-12-13', '22:07:41'),
(1347, 'NEMA', 'Viewed', 'SA', '2023-12-13', '15:07:45'),
(1348, 'NEMA', 'Viewed', 'SA', '2023-12-13', '15:07:55'),
(1349, 'NEMA', 'Edited', 'SA', '2023-12-13', '22:08:01'),
(1350, 'NEMA', 'Viewed', 'SA', '2023-12-13', '15:08:10'),
(1351, 'NEMA', 'Edited', 'SA', '2023-12-13', '22:08:17'),
(1352, 'NEMA', 'Viewed', 'SA', '2023-12-13', '15:08:24'),
(1353, 'NEMA', 'Edited', 'PO', '2023-12-13', '22:09:57'),
(1354, 'NEMA', 'Edited', 'PO', '2023-12-13', '22:11:39'),
(1355, 'NEMA', 'Viewed', 'SA', '2023-12-13', '15:12:00'),
(1356, 'NEMA', 'Edited', 'SA', '2023-12-13', '22:12:18'),
(1357, 'NEMA', 'Viewed', 'SA', '2023-12-13', '15:12:46'),
(1358, 'NEMA', 'Viewed', 'SA', '2023-12-13', '15:12:50'),
(1359, 'NEMA', 'Edited', 'SA', '2023-12-13', '22:12:57'),
(1360, 'NEMA', 'Viewed', 'SA', '2023-12-13', '15:13:12'),
(1361, 'NEMA', 'Viewed', 'SA', '2023-12-13', '15:19:03'),
(1362, 'NEMA', 'Viewed', 'SA', '2023-12-13', '15:19:09'),
(1363, 'NEMA', 'Viewed', 'SA', '2023-12-13', '15:19:42'),
(1364, 'NEMA', 'Edited', 'SA', '2023-12-13', '22:19:49'),
(1365, 'NEMA', 'Viewed', 'SA', '2023-12-13', '15:19:56'),
(1366, 'NEMA', 'Edited', 'SA', '2023-12-13', '22:20:34'),
(1367, 'NEMA', 'Viewed', 'SA', '2023-12-13', '15:20:39'),
(1368, 'NEMA', 'Viewed', 'SA', '2023-12-13', '15:20:44'),
(1369, 'NEMA', 'Viewed', 'SA', '2023-12-13', '15:23:02'),
(1370, 'NEMA', 'Viewed', 'SA', '2023-12-13', '15:23:38'),
(1371, 'NEMA', 'Edited', 'SA', '2023-12-13', '22:23:41'),
(1372, 'NEMA', 'Viewed', 'SA', '2023-12-13', '15:24:06'),
(1373, 'NEMA', 'Edited', 'SA', '2023-12-13', '22:24:16'),
(1374, 'NEMA', 'Viewed', 'SA', '2023-12-13', '15:24:19'),
(1375, 'NEMA', 'Edited', 'SA', '2023-12-13', '22:24:51'),
(1376, 'NEMA', 'Viewed', 'SA', '2023-12-13', '15:24:54'),
(1377, 'NEMA', 'Viewed', 'SA', '2023-12-13', '15:24:57'),
(1378, 'NEMA', 'Viewed', 'SA', '2023-12-13', '15:25:27'),
(1379, 'NEMA', 'Edited', 'SA', '2023-12-13', '22:25:52'),
(1380, 'NEMA', 'Viewed', 'SA', '2023-12-13', '15:25:55'),
(1381, 'NEMA', 'Viewed', 'SA', '2023-12-13', '15:25:59'),
(1382, 'NEMA', 'Viewed', 'SA', '2023-12-13', '15:26:40'),
(1383, 'NEMA', 'Edited', 'SA', '2023-12-13', '22:27:01'),
(1384, 'NEMA', 'Viewed', 'SA', '2023-12-13', '15:27:03'),
(1385, 'NEMA', 'Viewed', 'SA', '2023-12-13', '15:27:24'),
(1386, 'NEMA', 'Viewed', 'SA', '2023-12-13', '15:28:32'),
(1387, 'NEMA', 'Edited', 'SA', '2023-12-13', '22:28:58'),
(1388, 'NEMA', 'Viewed', 'SA', '2023-12-13', '15:28:59'),
(1389, 'NEMA', 'Viewed', 'SA', '2023-12-13', '15:30:44'),
(1390, 'NEMA', 'Edited', 'SA', '2023-12-13', '22:31:16'),
(1391, 'NEMA', 'Viewed', 'SA', '2023-12-13', '15:31:17'),
(1392, 'NEMA', 'Edited', 'SA', '2023-12-13', '22:32:20'),
(1393, 'NEMA', 'Edited', 'SA', '2023-12-13', '22:32:20'),
(1394, 'NEMA', 'Viewed', 'SA', '2023-12-13', '15:32:24'),
(1395, 'NEMA', 'Viewed', 'SA', '2023-12-13', '15:32:28'),
(1396, 'NEMA', 'Viewed', 'SA', '2023-12-13', '15:33:43'),
(1397, 'NEMA', 'Edited', 'SA', '2023-12-13', '22:34:14'),
(1398, 'NEMA', 'Viewed', 'SA', '2023-12-13', '15:34:18'),
(1399, 'NEMA', 'Viewed', 'SA', '2023-12-13', '15:34:21'),
(1400, 'NEMA', 'Viewed', 'SA', '2023-12-13', '15:34:48'),
(1401, 'NEMA', 'Edited', 'SA', '2023-12-13', '22:35:50'),
(1402, 'NEMA', 'Viewed', 'SA', '2023-12-13', '15:35:52'),
(1403, 'NEMA', 'Edited', 'SA', '2023-12-13', '22:36:06'),
(1404, 'NEMA', 'Viewed', 'SA', '2023-12-13', '15:36:07'),
(1405, 'NEMA', 'Edited', 'SA', '2023-12-13', '22:36:41'),
(1406, 'NEMA', 'Viewed', 'SA', '2023-12-13', '15:36:43'),
(1407, 'NEMA', 'Edited', 'SA', '2023-12-13', '22:37:15'),
(1408, 'NEMA', 'Viewed', 'SA', '2023-12-13', '15:37:16'),
(1409, 'NEMA', 'Edited', 'SA', '2023-12-13', '22:37:51'),
(1410, 'NEMA', 'Viewed', 'SA', '2023-12-13', '15:37:58'),
(1411, 'NEMA', 'Viewed', 'SA', '2023-12-13', '15:39:37'),
(1412, 'NEMA', 'Viewed', 'SA', '2023-12-13', '15:39:48'),
(1413, 'NEMA', 'Edited', 'SA', '2023-12-13', '22:40:29'),
(1414, 'NEMA', 'Viewed', 'SA', '2023-12-13', '15:40:30'),
(1415, 'NEMA', 'Viewed', 'SA', '2023-12-13', '15:41:57'),
(1416, 'NEMA', 'Edited', 'SA', '2023-12-13', '22:43:37'),
(1417, 'NEMA', 'Viewed', 'SA', '2023-12-13', '15:43:37'),
(1418, 'NEMA', 'Viewed', 'SA', '2023-12-13', '15:43:56'),
(1419, 'NEMA', 'Edited', 'SA', '2023-12-13', '22:44:35'),
(1420, 'NEMA', 'Viewed', 'SA', '2023-12-13', '15:44:36'),
(1421, 'NEMA', 'Edited', 'SA', '2023-12-13', '22:45:19'),
(1422, 'NEMA', 'Viewed', 'SA', '2023-12-13', '15:45:21'),
(1423, 'NEMA', 'Viewed', 'SA', '2023-12-13', '15:46:33'),
(1424, 'NEMA', 'Viewed', 'SA', '2023-12-13', '15:47:26'),
(1425, 'NEMA', 'Edited', 'SA', '2023-12-13', '22:48:00'),
(1426, 'NEMA', 'Viewed', 'SA', '2023-12-13', '15:48:00'),
(1427, 'NEMA', 'Viewed', 'SA', '2023-12-13', '15:52:18'),
(1428, 'NEMA', 'Edited', 'SA', '2023-12-13', '22:53:46'),
(1429, 'NEMA', 'Viewed', 'SA', '2023-12-13', '15:53:49'),
(1430, 'NEMA', 'Viewed', 'SA', '2023-12-13', '15:53:55'),
(1431, 'NEMA', 'Viewed', 'SA', '2023-12-13', '15:54:02'),
(1432, 'NEMA', 'Edited', 'SA', '2023-12-13', '22:55:03'),
(1433, 'NEMA', 'Viewed', 'SA', '2023-12-13', '15:55:04'),
(1434, 'NEMA', 'Viewed', 'SA', '2023-12-13', '15:58:17'),
(1435, 'NEMA', 'Edited', 'SA', '2023-12-13', '22:58:40'),
(1436, 'NEMA', 'Viewed', 'SA', '2023-12-13', '15:58:40'),
(1437, 'NEMA', 'Viewed', 'SA', '2023-12-13', '15:58:46'),
(1438, 'NEMA', 'Viewed', 'SA', '2023-12-13', '15:58:54'),
(1439, 'NEMA', 'Edited', 'SA', '2023-12-13', '22:59:07'),
(1440, 'NEMA', 'Viewed', 'SA', '2023-12-13', '15:59:08'),
(1441, 'NEMA', 'Viewed', 'SA', '2023-12-13', '16:01:20'),
(1442, 'NEMA', 'Viewed', 'SA', '2023-12-13', '16:02:26'),
(1443, 'NEMA', 'Viewed', 'SA', '2023-12-13', '16:04:55'),
(1444, 'NEMA', 'Viewed', 'SA', '2023-12-13', '16:05:04'),
(1445, 'NEMA', 'Viewed', 'SA', '2023-12-13', '16:05:36'),
(1446, 'NEMA', 'Edited', 'SA', '2023-12-13', '23:06:06'),
(1447, 'NEMA', 'Viewed', 'SA', '2023-12-13', '16:06:08'),
(1448, 'NEMA', 'Edited', 'SA', '2023-12-13', '23:07:10'),
(1449, 'NEMA', 'Viewed', 'SA', '2023-12-13', '16:07:11'),
(1450, 'NEMA', 'Viewed', 'SA', '2023-12-13', '16:07:21'),
(1451, 'NEMA', 'Edited', 'SA', '2023-12-13', '23:08:27'),
(1452, 'NEMA', 'Viewed', 'SA', '2023-12-13', '16:08:28'),
(1453, 'NEMA', 'Viewed', 'SA', '2023-12-13', '16:08:35'),
(1454, 'NEMA', 'Viewed', 'SA', '2023-12-13', '16:09:18'),
(1455, 'NEMA', 'Viewed', 'SA', '2023-12-13', '16:09:33'),
(1456, 'NEMA', 'Edited', 'SA', '2023-12-13', '23:11:35'),
(1457, 'NEMA', 'Viewed', 'SA', '2023-12-13', '16:11:36'),
(1458, 'NEMA', 'Viewed', 'SA', '2023-12-13', '16:12:06'),
(1459, 'NEMA', 'Viewed', 'SA', '2023-12-13', '16:13:35'),
(1460, 'NEMA', 'Viewed', 'SA', '2023-12-13', '16:15:13'),
(1461, 'NEMA', 'Edited', 'SA', '2023-12-13', '23:15:26'),
(1462, 'NEMA', 'Viewed', 'SA', '2023-12-13', '16:15:27'),
(1463, 'NEMA', 'Viewed', 'SA', '2023-12-14', '02:35:17'),
(1464, 'NEMA', 'Viewed', 'SA', '2023-12-14', '02:39:34'),
(1465, 'NEMA', 'Viewed', 'SA', '2023-12-14', '02:40:06'),
(1466, 'NEMA', 'Viewed', 'SA', '2023-12-14', '02:41:31'),
(1467, 'NEMA', 'Viewed', 'SA', '2023-12-14', '02:43:00'),
(1468, 'NEMA', 'Viewed', 'SA', '2023-12-14', '02:44:06'),
(1469, 'NEMA', 'Viewed', 'SA', '2023-12-14', '02:44:46'),
(1470, 'NEMA', 'Viewed', 'SA', '2023-12-14', '02:45:31'),
(1471, 'NEMA', 'Viewed', 'SA', '2023-12-14', '02:46:54'),
(1472, 'NEMA', 'Viewed', 'SA', '2023-12-14', '02:47:23'),
(1473, 'NEMA', 'Viewed', 'SA', '2023-12-14', '02:47:28'),
(1474, 'NEMA', 'Viewed', 'SA', '2023-12-14', '02:48:37'),
(1475, 'NEMA', 'Viewed', 'SA', '2023-12-14', '02:48:49'),
(1476, 'NEMA', 'Viewed', 'SA', '2023-12-14', '02:49:00'),
(1477, 'NEMA', 'Viewed', 'SA', '2023-12-14', '02:49:13'),
(1478, 'NEMA', 'Viewed', 'SA', '2023-12-14', '02:49:18'),
(1479, 'NEMA', 'Viewed', 'SA', '2023-12-14', '02:50:54'),
(1480, 'NEMA', 'Viewed', 'SA', '2023-12-14', '02:50:59'),
(1481, 'NEMA', 'Viewed', 'SA', '2023-12-14', '02:51:12'),
(1482, 'NEMA', 'Viewed', 'SA', '2023-12-14', '02:52:38'),
(1483, 'NEMA', 'Viewed', 'SA', '2023-12-14', '02:54:20'),
(1484, 'NEMA', 'Viewed', 'SA', '2023-12-14', '02:54:30'),
(1485, 'NEMA', 'Viewed', 'SA', '2023-12-14', '02:55:08'),
(1486, 'NEMA', 'Viewed', 'SA', '2023-12-14', '02:56:03'),
(1487, 'NEMA', 'Viewed', 'SA', '2023-12-14', '02:56:21'),
(1488, 'NEMA', 'Viewed', 'SA', '2023-12-14', '02:56:24'),
(1489, 'NEMA', 'Viewed', 'SA', '2023-12-14', '02:56:35'),
(1490, 'NEMA', 'Viewed', 'SA', '2023-12-14', '02:57:32'),
(1491, 'NEMA', 'Viewed', 'SA', '2023-12-14', '02:58:16'),
(1492, 'NEMA', 'Viewed', 'SA', '2023-12-14', '02:58:20'),
(1493, 'NEMA', 'Viewed', 'SA', '2023-12-14', '02:59:14'),
(1494, 'NEMA', 'Viewed', 'SA', '2023-12-14', '02:59:33'),
(1495, 'NEMA', 'Viewed', 'SA', '2023-12-14', '02:59:38'),
(1496, 'NEMA', 'Viewed', 'SA', '2023-12-14', '03:00:06'),
(1497, 'NEMA', 'Viewed', 'SA', '2023-12-14', '03:00:56'),
(1498, 'NEMA', 'Viewed', 'SA', '2023-12-14', '03:01:15'),
(1499, 'NEMA', 'Viewed', 'SA', '2023-12-14', '03:01:26'),
(1500, 'NEMA', 'Viewed', 'SA', '2023-12-14', '03:02:29'),
(1501, 'NEMA', 'Viewed', 'SA', '2023-12-14', '03:03:55'),
(1502, 'NEMA', 'Viewed', 'SA', '2023-12-14', '03:04:11'),
(1503, 'NEMA', 'Viewed', 'SA', '2023-12-14', '03:04:20'),
(1504, 'NEMA', 'Viewed', 'SA', '2023-12-14', '03:04:27'),
(1505, 'NEMA', 'Viewed', 'SA', '2023-12-14', '03:04:34'),
(1506, 'NEMA', 'Viewed', 'SA', '2023-12-14', '03:05:01'),
(1507, 'NEMA', 'Viewed', 'SA', '2023-12-14', '03:05:31'),
(1508, 'NEMA', 'Viewed', 'SA', '2023-12-14', '03:05:34'),
(1509, 'NEMA', 'Viewed', 'SA', '2023-12-14', '03:05:55'),
(1510, 'NEMA', 'Viewed', 'SA', '2023-12-14', '03:06:00'),
(1511, 'NEMA', 'Viewed', 'SA', '2023-12-14', '03:07:02'),
(1512, 'NEMA', 'Viewed', 'SA', '2023-12-14', '03:07:38'),
(1513, 'NEMA', 'Viewed', 'SA', '2023-12-14', '03:10:43'),
(1514, 'NEMA', 'Viewed', 'SA', '2023-12-14', '03:12:07'),
(1515, 'NEMA', 'Viewed', 'SA', '2023-12-14', '03:12:48'),
(1516, 'NEMA', 'Viewed', 'SA', '2023-12-14', '03:12:57'),
(1517, 'NEMA', 'Added', 'SA', '2023-12-14', '10:18:55'),
(1518, 'NEMA', 'Added', 'SA', '2023-12-14', '10:18:55'),
(1519, 'NEMA', 'Viewed', 'SA', '2023-12-14', '03:19:03'),
(1520, 'NEMA', 'Viewed', 'SA', '2023-12-14', '03:20:59'),
(1521, 'NEMA', 'Viewed', 'SA', '2023-12-14', '03:22:05'),
(1522, 'NEMA', 'Viewed', 'SA', '2023-12-14', '03:22:10'),
(1523, 'NEMA', 'Viewed', 'SA', '2023-12-14', '03:22:18'),
(1524, 'NEMA', 'Viewed', 'SA', '2023-12-14', '03:22:47'),
(1525, 'NEMA', 'Viewed', 'SA', '2023-12-14', '03:22:59'),
(1526, 'NEMA', 'Viewed', 'SA', '2023-12-14', '03:24:22'),
(1527, 'NEMA', 'Viewed', 'SA', '2023-12-14', '03:25:17'),
(1528, 'NEMA', 'Viewed', 'SA', '2023-12-14', '03:25:22'),
(1529, 'NEMA', 'Viewed', 'SA', '2023-12-14', '03:25:35'),
(1530, 'NEMA', 'Viewed', 'SA', '2023-12-14', '03:25:38'),
(1531, 'NEMA', 'Viewed', 'SA', '2023-12-14', '03:25:51'),
(1532, 'NEMA', 'Viewed', 'SA', '2023-12-14', '03:26:38'),
(1533, 'NEMA', 'Viewed', 'SA', '2023-12-14', '03:27:08'),
(1534, 'NEMA', 'Viewed', 'SA', '2023-12-14', '03:27:12'),
(1535, 'NEMA', 'Viewed', 'SA', '2023-12-14', '03:27:59'),
(1536, 'NEMA', 'Viewed', 'SA', '2023-12-14', '03:28:04'),
(1537, 'NEMA', 'Viewed', 'SA', '2023-12-14', '03:29:22'),
(1538, 'NEMA', 'Viewed', 'SA', '2023-12-14', '03:29:25'),
(1539, 'NEMA', 'Viewed', 'SA', '2023-12-14', '03:30:51'),
(1540, 'NEMA', 'Viewed', 'SA', '2023-12-14', '03:32:04'),
(1541, 'NEMA', 'Viewed', 'SA', '2023-12-14', '03:32:47'),
(1542, 'NEMA', 'Viewed', 'SA', '2023-12-14', '03:35:27'),
(1543, 'NEMA', 'Viewed', 'SA', '2023-12-14', '03:36:34'),
(1544, 'NEMA', 'Viewed', 'SA', '2023-12-14', '03:37:02'),
(1545, 'NEMA', 'Viewed', 'SA', '2023-12-14', '03:38:00'),
(1546, 'NEMA', 'Viewed', 'SA', '2023-12-14', '03:38:34'),
(1547, 'NEMA', 'Viewed', 'SA', '2023-12-14', '03:39:48'),
(1548, 'NEMA', 'Viewed', 'SA', '2023-12-14', '03:39:53'),
(1549, 'NEMA', 'Viewed', 'SA', '2023-12-14', '03:40:40'),
(1550, 'NEMA', 'Viewed', 'SA', '2023-12-14', '03:41:15'),
(1551, 'NEMA', 'Viewed', 'SA', '2023-12-14', '03:41:27'),
(1552, 'NEMA', 'Viewed', 'SA', '2023-12-14', '03:42:13'),
(1553, 'NEMA', 'Viewed', 'SA', '2023-12-14', '03:48:05'),
(1554, 'NEMA', 'Viewed', 'SA', '2023-12-14', '03:48:11'),
(1555, 'NEMA', 'Added', 'SA', '2023-12-14', '10:52:54'),
(1556, 'NEMA', 'Added', 'SA', '2023-12-14', '10:53:52'),
(1557, 'NEMA', 'Viewed', 'SA', '2023-12-14', '03:54:05'),
(1558, 'NEMA', 'Viewed', 'SA', '2023-12-14', '03:54:05'),
(1559, 'NEMA', 'Viewed', 'SA', '2023-12-14', '03:56:24'),
(1560, 'NEMA', 'Viewed', 'SA', '2023-12-14', '03:56:29'),
(1561, 'NEMA', 'Viewed', 'SA', '2023-12-14', '04:00:55'),
(1562, 'NEMA', 'Viewed', 'SA', '2023-12-14', '04:01:08'),
(1563, 'NEMA', 'Viewed', 'SA', '2023-12-14', '04:11:30'),
(1564, 'NEMA', 'Added', 'SA', '2023-12-14', '11:13:28'),
(1565, 'NEMA', 'Viewed', 'SA', '2023-12-14', '04:13:33'),
(1566, 'NEMA', 'Viewed', 'SA', '2023-12-14', '04:22:18'),
(1567, 'NEMA', 'Viewed', 'SA', '2023-12-14', '04:23:04'),
(1568, 'NEMA', 'Viewed', 'SA', '2023-12-14', '04:23:14'),
(1569, 'NEMA', 'Viewed', 'SA', '2023-12-14', '04:23:30'),
(1570, 'NEMA', 'Viewed', 'SA', '2023-12-14', '04:23:42'),
(1571, 'NEMA', 'Viewed', 'SA', '2023-12-14', '04:24:12'),
(1572, 'NEMA', 'Viewed', 'SA', '2023-12-14', '04:24:47'),
(1573, 'NEMA', 'Viewed', 'SA', '2023-12-14', '04:25:02'),
(1574, 'NEMA', 'Viewed', 'SA', '2023-12-14', '04:25:20'),
(1575, 'NEMA', 'Viewed', 'SA', '2023-12-14', '04:25:48'),
(1576, 'NEMA', 'Viewed', 'SA', '2023-12-14', '04:26:30'),
(1577, 'NEMA', 'Viewed', 'SA', '2023-12-14', '04:26:47'),
(1578, 'NEMA', 'Viewed', 'SA', '2023-12-14', '04:27:46'),
(1579, 'NEMA', 'Viewed', 'SA', '2023-12-14', '04:28:11'),
(1580, 'NEMA', 'Viewed', 'SA', '2023-12-14', '04:29:09'),
(1581, 'NEMA', 'Viewed', 'SA', '2023-12-14', '04:31:32'),
(1582, 'NEMA', 'Viewed', 'SA', '2023-12-14', '04:34:09'),
(1583, 'NEMA', 'Viewed', 'SA', '2023-12-14', '04:34:09'),
(1584, 'NEMA', 'Viewed', 'SA', '2023-12-14', '04:34:52'),
(1585, 'NEMA', 'Viewed', 'SA', '2023-12-14', '04:35:40'),
(1586, 'NEMA', 'Viewed', 'SA', '2023-12-14', '04:36:31'),
(1587, 'NEMA', 'Viewed', 'SA', '2023-12-14', '04:37:31'),
(1588, 'NEMA', 'Viewed', 'SA', '2023-12-14', '04:57:12'),
(1589, 'NEMA', 'Viewed', 'SA', '2023-12-14', '04:57:37'),
(1590, 'NEMA', 'Viewed', 'SA', '2023-12-14', '05:12:31'),
(1591, 'NEMA', 'Viewed', 'SA', '2023-12-14', '05:13:44'),
(1592, 'NEMA', 'Added', 'SA', '2023-12-14', '12:18:17'),
(1593, 'NEMA', 'Viewed', 'SA', '2023-12-14', '05:18:24'),
(1594, 'NEMA', 'Viewed', 'SA', '2023-12-14', '05:18:37'),
(1595, 'NEMA', 'Viewed', 'SA', '2023-12-14', '05:19:51'),
(1596, 'NEMA', 'Viewed', 'SA', '2023-12-14', '05:20:47'),
(1597, 'NEMA', 'Viewed', 'SA', '2023-12-14', '05:20:51'),
(1598, 'NEMA', 'Viewed', 'SA', '2023-12-14', '05:21:00'),
(1599, 'NEMA', 'Viewed', 'SA', '2023-12-14', '05:21:11'),
(1600, 'NEMA', 'Viewed', 'SA', '2023-12-14', '05:21:15'),
(1601, 'NEMA', 'Viewed', 'SA', '2023-12-14', '05:21:50'),
(1602, 'NEMA', 'Viewed', 'SA', '2023-12-14', '05:22:07'),
(1603, 'NEMA', 'Viewed', 'SA', '2023-12-14', '05:22:35'),
(1604, 'NEMA', 'Added', 'SA', '2023-12-14', '12:26:29'),
(1605, 'NEMA', 'Viewed', 'SA', '2023-12-14', '05:26:44'),
(1606, 'NEMA', 'Viewed', 'SA', '2023-12-14', '05:28:15'),
(1607, 'NEMA', 'Viewed', 'SA', '2023-12-14', '05:28:57'),
(1608, 'NEMA', 'Viewed', 'SA', '2023-12-14', '05:29:35'),
(1609, 'NEMA', 'Viewed', 'SA', '2023-12-14', '05:29:58'),
(1610, 'NEMA', 'Viewed', 'SA', '2023-12-14', '05:30:37'),
(1611, 'NEMA', 'Viewed', 'SA', '2023-12-14', '05:31:07'),
(1612, 'NEMA', 'Viewed', 'SA', '2023-12-14', '05:32:57'),
(1613, 'NEMA', 'Viewed', 'SA', '2023-12-14', '05:33:03'),
(1614, 'NEMA', 'Viewed', 'SA', '2023-12-14', '05:33:03'),
(1615, 'NEMA', 'Viewed', 'SA', '2023-12-14', '05:33:36'),
(1616, 'NEMA', 'Viewed', 'SA', '2023-12-14', '05:33:42'),
(1617, 'NEMA', 'Viewed', 'SA', '2023-12-14', '05:33:54'),
(1618, 'NEMA', 'Viewed', 'SA', '2023-12-14', '05:36:00'),
(1619, 'NEMA', 'Viewed', 'SA', '2023-12-14', '05:36:06'),
(1620, 'NEMA', 'Viewed', 'SA', '2023-12-14', '05:36:30'),
(1621, 'NEMA', 'Viewed', 'SA', '2023-12-14', '05:36:50'),
(1622, 'NEMA', 'Viewed', 'SA', '2023-12-14', '05:36:55'),
(1623, 'NEMA', 'Viewed', 'SA', '2023-12-14', '05:37:38'),
(1624, 'NEMA', 'Viewed', 'SA', '2023-12-14', '05:37:41'),
(1625, 'NEMA', 'Viewed', 'SA', '2023-12-14', '05:37:41'),
(1626, 'NEMA', 'Viewed', 'SA', '2023-12-14', '05:37:54'),
(1627, 'NEMA', 'Viewed', 'SA', '2023-12-14', '05:38:07'),
(1628, 'NEMA', 'Viewed', 'SA', '2023-12-14', '05:38:37'),
(1629, 'NEMA', 'Viewed', 'SA', '2023-12-14', '05:38:37'),
(1630, 'NEMA', 'Viewed', 'SA', '2023-12-14', '05:39:31'),
(1631, 'NEMA', 'Viewed', 'SA', '2023-12-14', '05:39:34'),
(1632, 'NEMA', 'Viewed', 'SA', '2023-12-14', '05:39:48'),
(1633, 'NEMA', 'Viewed', 'SA', '2023-12-14', '05:39:48'),
(1634, 'NEMA', 'Viewed', 'SA', '2023-12-14', '05:40:29'),
(1635, 'NEMA', 'Viewed', 'SA', '2023-12-14', '05:40:33'),
(1636, '', 'Viewed', 'SA', '2023-12-14', '11:37:28'),
(1637, '', 'Viewed', 'SA', '2023-12-14', '11:37:31'),
(1638, 'NEMA', 'Viewed', 'SA', '2023-12-14', '11:38:18'),
(1639, 'NEMA', 'Viewed', 'SA', '2023-12-14', '11:38:30'),
(1640, 'NEMA', 'Viewed', 'SA', '2023-12-14', '11:39:50'),
(1641, 'NEMA', 'Viewed', 'SA', '2023-12-14', '11:40:06'),
(1642, 'NEMA', 'Viewed', 'SA', '2023-12-14', '11:40:17'),
(1643, 'NEMA', 'Viewed', 'SA', '2023-12-14', '11:44:14'),
(1644, 'NEMA', 'Viewed', 'SA', '2023-12-14', '11:44:14'),
(1645, 'NEMA', 'Viewed', 'SA', '2023-12-14', '11:44:18'),
(1646, 'NEMA', 'Viewed', 'SA', '2023-12-14', '11:45:04'),
(1647, 'NEMA', 'Viewed', 'SA', '2023-12-14', '11:45:06'),
(1648, 'NEMA', 'Viewed', 'SA', '2023-12-14', '11:45:34'),
(1649, 'NEMA', 'Viewed', 'SA', '2023-12-14', '11:45:44'),
(1650, 'NEMA', 'Viewed', 'SA', '2023-12-14', '11:46:16'),
(1651, 'NEMA', 'Viewed', 'SA', '2023-12-14', '11:46:38'),
(1652, 'NEMA', 'Viewed', 'SA', '2023-12-14', '11:46:54'),
(1653, 'NEMA', 'Viewed', 'SA', '2023-12-14', '11:47:11'),
(1654, 'NEMA', 'Viewed', 'SA', '2023-12-14', '11:47:18'),
(1655, 'NEMA', 'Viewed', 'SA', '2023-12-14', '11:47:33'),
(1656, 'NEMA', 'Viewed', 'SA', '2023-12-14', '11:47:41'),
(1657, 'NEMA', 'Viewed', 'SA', '2023-12-14', '11:47:53'),
(1658, 'NEMA', 'Viewed', 'SA', '2023-12-14', '11:48:28'),
(1659, 'NEMA', 'Viewed', 'SA', '2023-12-14', '11:48:38'),
(1660, 'NEMA', 'Viewed', 'SA', '2023-12-14', '11:48:56'),
(1661, 'NEMA', 'Viewed', 'SA', '2023-12-14', '11:50:15'),
(1662, 'NEMA', 'Viewed', 'SA', '2023-12-14', '11:52:25'),
(1663, 'NEMA', 'Viewed', 'SA', '2023-12-14', '11:54:20'),
(1664, 'NEMA', 'Viewed', 'SA', '2023-12-14', '11:57:35'),
(1665, 'NEMA', 'Viewed', 'SA', '2023-12-14', '12:01:17'),
(1666, 'NEMA', 'Viewed', 'SA', '2023-12-14', '12:03:57'),
(1667, 'NEMA', 'Added', 'AR', '2023-12-14', '19:12:41'),
(1668, 'NEMA', 'Added', 'AR', '2023-12-14', '19:12:52'),
(1669, 'NEMA', 'Viewed', 'AR', '2023-12-14', '19:14:55'),
(1670, 'NEMA', 'Viewed', 'SA', '2023-12-14', '12:46:24'),
(1671, 'NEMA', 'Viewed', 'SA', '2023-12-14', '12:46:27'),
(1672, 'NEMA', 'Viewed', 'SA', '2023-12-14', '12:46:53'),
(1673, 'NEMA', 'Viewed', 'SA', '2023-12-14', '12:52:36'),
(1674, 'NEMA', 'Added', 'SA', '2023-12-14', '21:54:42'),
(1675, 'NEMA', 'Viewed', 'SA', '2023-12-14', '14:55:37'),
(1676, 'NEMA', 'Viewed', 'SA', '2023-12-14', '14:56:23'),
(1677, 'NEMA', 'Viewed', 'SA', '2023-12-14', '14:57:08'),
(1678, 'NEMA', 'Viewed', 'SA', '2023-12-14', '14:57:10'),
(1679, 'NEMA', 'Viewed', 'SA', '2023-12-14', '14:57:47'),
(1680, 'NEMA', 'Viewed', 'SA', '2023-12-14', '14:58:05'),
(1681, 'NEMA', 'Viewed', 'SA', '2023-12-14', '14:58:09'),
(1682, 'NEMA', 'Viewed', 'SA', '2023-12-14', '14:58:52'),
(1683, 'NEMA', 'Viewed', 'SA', '2023-12-14', '14:59:11'),
(1684, 'NEMA', 'Viewed', 'SA', '2023-12-14', '14:59:14'),
(1685, 'NEMA', 'Viewed', 'SA', '2023-12-14', '15:00:17'),
(1686, 'NEMA', 'Viewed', 'SA', '2023-12-14', '15:00:23'),
(1687, 'NEMA', 'Viewed', 'SA', '2023-12-14', '15:02:17'),
(1688, 'NEMA', 'Viewed', 'SA', '2023-12-14', '15:02:33'),
(1689, 'NEMA', 'Viewed', 'SA', '2023-12-14', '15:57:19'),
(1690, 'NEMA', 'Viewed', 'SA', '2023-12-14', '15:57:40'),
(1691, 'NEMA', 'Viewed', 'SA', '2023-12-15', '02:12:26'),
(1692, 'NEMA', 'Viewed', 'SA', '2023-12-15', '02:13:45'),
(1693, 'NEMA', 'Viewed', 'SA', '2023-12-15', '02:14:23'),
(1694, 'NEMA', 'Viewed', 'SA', '2023-12-15', '02:14:49'),
(1695, 'NEMA', 'Viewed', 'SA', '2023-12-15', '02:14:56'),
(1696, 'NEMA', 'Viewed', 'SA', '2023-12-15', '02:15:16'),
(1697, 'NEMA', 'Viewed', 'SA', '2023-12-15', '02:15:31'),
(1698, 'NEMA', 'Viewed', 'SA', '2023-12-15', '02:15:43'),
(1699, 'NEMA', 'Viewed', 'SA', '2023-12-15', '02:15:56'),
(1700, 'NEMA', 'Viewed', 'SA', '2023-12-15', '02:16:27'),
(1701, 'NEMA', 'Viewed', 'SA', '2023-12-15', '02:16:38'),
(1702, 'NEMA', 'Viewed', 'SA', '2023-12-15', '02:16:50'),
(1703, 'NEMA', 'Viewed', 'SA', '2023-12-15', '02:18:51'),
(1704, 'NEMA', 'Viewed', 'SA', '2023-12-15', '02:18:53'),
(1705, 'NEMA', 'Viewed', 'SA', '2023-12-15', '02:40:53'),
(1706, 'NEMA', 'Viewed', 'SA', '2023-12-15', '02:40:58'),
(1707, 'NEMA', 'Added', 'SA', '2023-12-15', '09:48:09'),
(1708, 'NEMA', 'Added', 'SA', '2023-12-15', '09:51:34'),
(1709, 'NEMA', 'Added', 'SA', '2023-12-15', '09:55:16'),
(1710, 'NEMA', 'Added', 'SA', '2023-12-15', '09:55:27'),
(1711, 'NEMA', 'Added', 'SA', '2023-12-15', '09:55:34'),
(1712, 'NEMA', 'Added', 'SA', '2023-12-15', '09:55:52'),
(1713, 'NEMA', 'Added', 'SA', '2023-12-15', '10:08:40'),
(1714, 'NEMA', 'Added', 'SA', '2023-12-15', '10:27:25'),
(1715, 'NEMA', 'Added', 'SA', '2023-12-15', '10:27:55'),
(1716, 'NEMA', 'Added', 'SA', '2023-12-15', '10:34:09'),
(1717, 'NEMA', 'Added', 'SA', '2023-12-15', '10:34:36'),
(1718, 'NEMA', 'Added', 'SA', '2023-12-15', '10:34:55'),
(1719, 'NEMA', 'Added', 'SA', '2023-12-15', '10:36:06'),
(1720, 'NEMA', 'Added', 'SA', '2023-12-15', '10:36:57'),
(1721, 'NEMA', 'Added', 'SA', '2023-12-15', '10:37:02'),
(1722, 'NEMA', 'Added', 'SA', '2023-12-15', '10:37:38'),
(1723, 'NEMA', 'Added', 'SA', '2023-12-15', '10:38:14'),
(1724, 'NEMA', 'Added', 'SA', '2023-12-15', '10:39:05'),
(1725, 'NEMA', 'Added', 'SA', '2023-12-15', '10:39:12'),
(1726, 'NEMA', 'Added', 'SA', '2023-12-15', '10:44:22'),
(1727, 'NEMA', 'Added', 'SA', '2023-12-15', '10:44:24'),
(1728, 'NEMA', 'Added', 'SA', '2023-12-15', '10:46:16'),
(1729, 'NEMA', 'Added', 'SA', '2023-12-15', '10:48:11'),
(1730, 'NEMA', 'Added', 'SA', '2023-12-15', '10:48:33'),
(1731, 'NEMA', 'Added', 'SA', '2023-12-15', '10:52:00'),
(1732, 'NEMA', 'Added', 'SA', '2023-12-15', '10:52:05'),
(1733, 'NEMA', 'Added', 'SA', '2023-12-15', '10:52:50'),
(1734, 'NEMA', 'Added', 'SA', '2023-12-15', '10:54:56'),
(1735, 'NEMA', 'Added', 'SA', '2023-12-15', '10:57:15'),
(1736, 'NEMA', 'Added', 'SA', '2023-12-15', '10:57:42'),
(1737, 'NEMA', 'Viewed', 'SA', '2023-12-15', '04:00:50'),
(1738, 'NEMA', 'Viewed', 'SA', '2023-12-15', '04:05:12'),
(1739, 'NEMA', 'Viewed', 'SA', '2023-12-15', '04:05:16'),
(1740, 'NEMA', 'Viewed', 'SA', '2023-12-15', '04:05:35'),
(1741, 'NEMA', 'Viewed', 'SA', '2023-12-15', '04:06:41'),
(1742, 'NEMA', 'Viewed', 'SA', '2023-12-15', '04:07:02'),
(1743, 'NEMA', 'Viewed', 'SA', '2023-12-15', '04:09:58'),
(1744, 'NEMA', 'Viewed', 'SA', '2023-12-15', '04:10:49'),
(1745, 'NEMA', 'Viewed', 'SA', '2023-12-15', '04:11:33'),
(1746, 'NEMA', 'Viewed', 'SA', '2023-12-15', '04:11:52'),
(1747, 'NEMA', 'Viewed', 'SA', '2023-12-15', '04:12:04'),
(1748, 'NEMA', 'Viewed', 'SA', '2023-12-15', '04:17:14'),
(1749, 'NEMA', 'Viewed', 'SA', '2023-12-15', '04:17:31'),
(1750, 'NEMA', 'Viewed', 'SA', '2023-12-15', '04:17:34'),
(1751, 'NEMA', 'Viewed', 'SA', '2023-12-15', '04:17:50'),
(1752, 'NEMA', 'Viewed', 'SA', '2023-12-15', '04:17:54'),
(1753, 'NEMA', 'Viewed', 'SA', '2023-12-15', '04:18:08'),
(1754, 'NEMA', 'Viewed', 'SA', '2023-12-15', '04:18:12'),
(1755, 'NEMA', 'Viewed', 'SA', '2023-12-15', '04:18:17'),
(1756, 'NEMA', 'Viewed', 'SA', '2023-12-15', '04:18:49'),
(1757, 'NEMA', 'Viewed', 'SA', '2023-12-15', '04:19:22'),
(1758, 'NEMA', 'Viewed', 'SA', '2023-12-15', '04:19:43'),
(1759, 'NEMA', 'Viewed', 'SA', '2023-12-15', '04:19:49'),
(1760, 'NEMA', 'Viewed', 'SA', '2023-12-15', '04:20:05'),
(1761, 'NEMA', 'Viewed', 'SA', '2023-12-15', '04:20:19'),
(1762, 'NEMA', 'Viewed', 'SA', '2023-12-15', '04:20:41'),
(1763, 'NEMA', 'Viewed', 'SA', '2023-12-15', '04:20:53'),
(1764, 'NEMA', 'Viewed', 'SA', '2023-12-15', '04:21:04'),
(1765, 'NEMA', 'Viewed', 'SA', '2023-12-15', '04:21:12'),
(1766, 'NEMA', 'Viewed', 'SA', '2023-12-15', '04:21:23'),
(1767, 'NEMA', 'Viewed', 'SA', '2023-12-15', '04:21:49'),
(1768, 'NEMA', 'Viewed', 'SA', '2023-12-15', '04:22:13'),
(1769, 'NEMA', 'Viewed', 'SA', '2023-12-15', '04:33:29'),
(1770, 'NEMA', 'Viewed', 'SA', '2023-12-15', '04:36:05'),
(1771, 'NEMA', 'Viewed', 'SA', '2023-12-15', '04:36:11'),
(1772, 'NEMA', 'Viewed', 'SA', '2023-12-15', '04:37:08'),
(1773, 'NEMA', 'Viewed', 'SA', '2023-12-15', '04:37:27'),
(1774, 'NEMA', 'Viewed', 'SA', '2023-12-15', '04:37:33'),
(1775, 'NEMA', 'Viewed', 'SA', '2023-12-15', '04:37:47'),
(1776, 'NEMA', 'Viewed', 'SA', '2023-12-15', '04:38:47'),
(1777, 'NEMA', 'Viewed', 'SA', '2023-12-15', '04:38:48'),
(1778, 'NEMA', 'Viewed', 'SA', '2023-12-15', '04:40:29'),
(1779, 'NEMA', 'Viewed', 'SA', '2023-12-15', '04:43:02'),
(1780, 'NEMA', 'Viewed', 'SA', '2023-12-15', '04:43:48'),
(1781, 'NEMA', 'Viewed', 'SA', '2023-12-15', '04:44:32'),
(1782, 'NEMA', 'Viewed', 'SA', '2023-12-15', '04:52:22'),
(1783, 'NEMA', 'Viewed', 'SA', '2023-12-15', '04:52:29'),
(1784, 'NEMA', 'Viewed', 'SA', '2023-12-15', '04:52:35'),
(1785, 'NEMA', 'Viewed', 'SA', '2023-12-15', '05:04:33'),
(1786, 'NEMA', 'Viewed', 'SA', '2023-12-15', '05:04:46'),
(1787, 'NEMA', 'Viewed', 'SA', '2023-12-15', '05:06:29'),
(1788, 'NEMA', 'Viewed', 'SA', '2023-12-15', '05:08:21'),
(1789, 'NEMA', 'Viewed', 'SA', '2023-12-15', '05:09:47'),
(1790, 'NEMA', 'Viewed', 'SA', '2023-12-15', '05:11:04'),
(1791, 'NEMA', 'Viewed', 'SA', '2023-12-15', '05:12:38'),
(1792, 'NEMA', 'Viewed', 'SA', '2023-12-15', '05:13:54'),
(1793, 'NEMA', 'Viewed', 'SA', '2023-12-15', '05:15:32'),
(1794, 'NEMA', 'Viewed', 'SA', '2023-12-15', '05:16:57'),
(1795, 'NEMA', 'Viewed', 'SA', '2023-12-15', '05:18:16'),
(1796, 'NEMA', 'Viewed', 'SA', '2023-12-15', '05:24:07'),
(1797, 'NEMA', 'Viewed', 'SA', '2023-12-15', '05:24:21'),
(1798, 'NEMA', 'Viewed', 'SA', '2023-12-15', '05:26:22'),
(1799, 'NEMA', 'Viewed', 'SA', '2023-12-15', '05:29:14'),
(1800, 'NEMA', 'Viewed', 'SA', '2023-12-15', '05:29:16'),
(1801, 'NEMA', 'Viewed', 'SA', '2023-12-15', '05:29:35'),
(1802, 'NEMA', 'Viewed', 'SA', '2023-12-15', '05:29:47'),
(1803, '', 'Viewed', 'SA', '2023-12-15', '11:33:25'),
(1804, '', 'Viewed', 'SA', '2023-12-15', '11:33:25'),
(1805, 'NEMA', 'Viewed', 'SA', '2023-12-15', '11:42:58'),
(1806, 'NEMA', 'Viewed', 'SA', '2023-12-18', '11:37:17'),
(1807, 'NEMA', 'Viewed', 'SA', '2023-12-18', '11:42:36'),
(1808, 'NEMA', 'Viewed', 'SA', '2023-12-18', '11:45:16'),
(1809, 'NEMA', 'Viewed', 'SA', '2023-12-18', '11:45:34'),
(1810, 'NEMA', 'Viewed', 'SA', '2023-12-18', '11:46:21'),
(1811, 'NEMA', 'Viewed', 'SA', '2023-12-18', '11:49:47'),
(1812, 'NEMA', 'Viewed', 'SA', '2023-12-18', '11:49:50'),
(1813, 'NEMA', 'Viewed', 'SA', '2023-12-18', '11:50:43'),
(1814, 'NEMA', 'Viewed', 'SA', '2023-12-18', '11:50:45'),
(1815, 'NEMA', 'Viewed', 'SA', '2023-12-18', '11:52:14'),
(1816, 'NEMA', 'Viewed', 'SA', '2023-12-18', '11:52:54'),
(1817, 'NEMA', 'Viewed', 'SA', '2023-12-18', '11:53:08'),
(1818, 'NEMA', 'Viewed', 'SA', '2023-12-18', '11:54:02'),
(1819, 'NEMA', 'Viewed', 'SA', '2023-12-18', '11:54:20'),
(1820, 'NEMA', 'Viewed', 'SA', '2023-12-18', '11:58:13'),
(1821, 'NEMA', 'Viewed', 'SA', '2023-12-18', '11:59:57'),
(1822, 'NEMA', 'Viewed', 'SA', '2023-12-18', '12:00:03'),
(1823, 'NEMA', 'Viewed', 'SA', '2023-12-18', '12:01:33'),
(1824, 'NEMA', 'Viewed', 'SA', '2023-12-18', '12:02:49'),
(1825, 'NEMA', 'Viewed', 'SA', '2023-12-18', '12:03:06'),
(1826, 'NEMA', 'Viewed', 'SA', '2023-12-18', '12:04:03'),
(1827, 'NEMA', 'Viewed', 'SA', '2023-12-18', '12:07:20'),
(1828, 'NEMA', 'Viewed', 'SA', '2023-12-18', '12:07:59'),
(1829, 'NEMA', 'Viewed', 'SA', '2023-12-18', '12:08:23'),
(1830, 'NEMA', 'Viewed', 'SA', '2023-12-18', '12:08:28'),
(1831, 'NEMA', 'Viewed', 'SA', '2023-12-18', '12:09:17'),
(1832, 'NEMA', 'Viewed', 'SA', '2023-12-18', '12:09:19'),
(1833, 'NEMA', 'Viewed', 'SA', '2023-12-18', '12:11:40'),
(1834, 'NEMA', 'Viewed', 'SA', '2023-12-18', '12:11:50'),
(1835, 'NEMA', 'Viewed', 'SA', '2023-12-18', '12:11:53'),
(1836, 'NEMA', 'Viewed', 'SA', '2023-12-18', '12:12:20'),
(1837, 'NEMA', 'Viewed', 'SA', '2023-12-18', '12:14:27'),
(1838, 'NEMA', 'Viewed', 'SA', '2023-12-18', '12:14:30'),
(1839, 'NEMA', 'Viewed', 'SA', '2023-12-18', '12:14:46'),
(1840, 'NEMA', 'Viewed', 'SA', '2023-12-18', '12:15:01'),
(1841, 'NEMA', 'Viewed', 'SA', '2023-12-18', '12:15:26'),
(1842, 'NEMA', 'Viewed', 'SA', '2023-12-18', '12:15:36'),
(1843, 'NEMA', 'Viewed', 'SA', '2023-12-18', '12:16:20'),
(1844, 'NEMA', 'Viewed', 'SA', '2023-12-18', '12:16:51'),
(1845, 'NEMA', 'Viewed', 'SA', '2023-12-18', '12:17:00'),
(1846, 'NEMA', 'Viewed', 'SA', '2023-12-18', '12:23:07'),
(1847, 'NEMA', 'Viewed', 'SA', '2023-12-18', '12:23:31'),
(1848, 'NEMA', 'Viewed', 'SA', '2023-12-18', '12:24:09'),
(1849, 'NEMA', 'Viewed', 'SA', '2023-12-18', '12:27:38'),
(1850, 'NEMA', 'Viewed', 'SA', '2023-12-18', '12:32:26'),
(1851, 'NEMA', 'Viewed', 'SA', '2023-12-18', '12:39:13'),
(1852, 'NEMA', 'Viewed', 'SA', '2023-12-18', '12:42:58'),
(1853, 'NEMA', 'Viewed', 'SA', '2023-12-18', '12:44:27'),
(1854, 'NEMA', 'Viewed', 'SA', '2023-12-18', '12:45:21'),
(1855, 'NEMA', 'Viewed', 'SA', '2023-12-18', '12:45:58'),
(1856, 'NEMA', 'Viewed', 'SA', '2023-12-18', '12:46:34'),
(1857, 'NEMA', 'Viewed', 'SA', '2023-12-18', '12:47:20'),
(1858, 'NEMA', 'Viewed', 'SA', '2023-12-18', '12:47:43'),
(1859, 'NEMA', 'Viewed', 'SA', '2023-12-18', '12:47:43'),
(1860, 'NEMA', 'Viewed', 'SA', '2023-12-18', '12:47:50'),
(1861, 'NEMA', 'Viewed', 'SA', '2023-12-18', '12:54:19'),
(1862, 'NEMA', 'Viewed', 'SA', '2023-12-18', '12:54:43'),
(1863, 'NEMA', 'Viewed', 'SA', '2023-12-18', '12:54:59'),
(1864, 'NEMA', 'Viewed', 'SA', '2023-12-18', '12:55:07'),
(1865, 'NEMA', 'Viewed', 'SA', '2023-12-18', '12:56:44'),
(1866, 'NEMA', 'Viewed', 'SA', '2023-12-18', '12:56:46'),
(1867, 'NEMA', 'Viewed', 'SA', '2023-12-18', '13:13:11'),
(1868, 'NEMA', 'Viewed', 'SA', '2023-12-18', '13:13:14'),
(1869, 'NEMA', 'Viewed', 'SA', '2023-12-18', '13:13:52'),
(1870, 'NEMA', 'Viewed', 'SA', '2023-12-18', '13:14:04'),
(1871, 'NEMA', 'Viewed', 'SA', '2023-12-18', '13:17:11'),
(1872, 'NEMA', 'Viewed', 'SA', '2023-12-18', '13:18:37'),
(1873, 'NEMA', 'Viewed', 'SA', '2023-12-18', '13:18:52'),
(1874, 'NEMA', 'Viewed', 'SA', '2023-12-18', '13:22:06'),
(1875, 'NEMA', 'Viewed', 'SA', '2023-12-18', '13:22:09'),
(1876, 'NEMA', 'Viewed', 'SA', '2023-12-18', '13:22:46'),
(1877, 'NEMA', 'Viewed', 'SA', '2023-12-18', '13:22:50'),
(1878, 'NEMA', 'Viewed', 'SA', '2023-12-18', '13:29:48'),
(1879, 'NEMA', 'Viewed', 'SA', '2023-12-18', '13:30:06'),
(1880, 'NEMA', 'Viewed', 'SA', '2023-12-18', '13:30:23'),
(1881, 'NEMA', 'Viewed', 'SA', '2023-12-18', '13:32:03'),
(1882, 'NEMA', 'Viewed', 'SA', '2023-12-18', '13:32:34'),
(1883, 'NEMA', 'Viewed', 'SA', '2023-12-18', '13:32:49'),
(1884, 'NEMA', 'Viewed', 'SA', '2023-12-18', '13:36:01'),
(1885, 'NEMA', 'Viewed', 'SA', '2023-12-18', '13:36:26'),
(1886, 'NEMA', 'Viewed', 'SA', '2023-12-18', '13:37:55'),
(1887, 'NEMA', 'Viewed', 'SA', '2023-12-18', '13:39:18'),
(1888, 'NEMA', 'Viewed', 'SA', '2023-12-18', '13:40:34'),
(1889, 'NEMA', 'Viewed', 'SA', '2023-12-18', '13:40:47'),
(1890, 'NEMA', 'Viewed', 'SA', '2023-12-18', '13:43:38'),
(1891, 'NEMA', 'Viewed', 'SA', '2023-12-18', '13:43:44'),
(1892, 'NEMA', 'Viewed', 'SA', '2023-12-18', '13:46:13'),
(1893, 'NEMA', 'Viewed', 'SA', '2023-12-18', '13:46:17'),
(1894, 'NEMA', 'Viewed', 'SA', '2023-12-18', '13:46:28'),
(1895, 'NEMA', 'Viewed', 'SA', '2023-12-18', '13:46:33'),
(1896, 'NEMA', 'Viewed', 'SA', '2023-12-18', '13:47:13'),
(1897, 'NEMA', 'Viewed', 'SA', '2023-12-18', '13:47:42'),
(1898, 'NEMA', 'Viewed', 'SA', '2023-12-18', '13:47:44'),
(1899, 'NEMA', 'Viewed', 'SA', '2023-12-18', '13:48:01'),
(1900, 'NEMA', 'Viewed', 'SA', '2023-12-18', '13:48:09'),
(1901, 'NEMA', 'Viewed', 'SA', '2023-12-18', '13:48:22'),
(1902, 'NEMA', 'Viewed', 'SA', '2023-12-18', '13:48:32'),
(1903, 'NEMA', 'Viewed', 'SA', '2023-12-18', '13:49:34'),
(1904, 'NEMA', 'Added', 'SA', '2023-12-18', '20:50:00'),
(1905, 'NEMA', 'Viewed', 'SA', '2023-12-18', '13:50:04'),
(1906, 'NEMA', 'Viewed', 'SA', '2023-12-18', '13:50:16'),
(1907, 'NEMA', 'Viewed', 'SA', '2023-12-18', '13:50:50'),
(1908, 'NEMA', 'Viewed', 'SA', '2023-12-18', '13:51:29'),
(1909, 'Carlo O. Paala', 'Added', 'AR', '2023-12-20', '09:52:10'),
(1910, 'Carlo O. Paala', 'Viewed', 'AR', '2023-12-20', '09:52:16'),
(1911, 'Carlo O. Paala', 'Added', 'PO', '2023-12-20', '11:57:38'),
(1912, 'Carlo O. Paala', 'Added', 'PO', '2023-12-20', '12:02:26'),
(1913, 'NEMA', 'Edited', 'AR', '2023-12-20', '12:48:30'),
(1914, 'NEMA', 'Edited', 'AR', '2023-12-21', '10:29:33'),
(1915, 'NEMA', 'Added', 'AR', '2023-12-21', '10:42:16'),
(1916, 'NEMA', 'Added', 'AR', '2023-12-21', '10:42:42'),
(1917, 'NEMA', 'Added', 'AR', '2023-12-21', '10:43:24'),
(1918, 'NEMA', 'Added', 'AR', '2023-12-21', '10:43:43'),
(1919, 'NEMA', 'Added', 'AR', '2023-12-21', '10:46:11'),
(1920, 'NEMA', 'Added', 'PO', '2023-12-21', '10:47:09'),
(1921, 'NEMA', 'Added', 'PO', '2023-12-21', '10:47:27'),
(1922, 'NEMA', 'Added', 'SA', '2023-12-21', '10:48:10'),
(1923, 'NEMA', 'Added', 'SA', '2023-12-21', '10:50:48'),
(1924, 'NEMA', 'Added', 'SA', '2023-12-21', '10:51:03'),
(1925, 'NEMA', 'Viewed', 'AR', '2023-12-21', '10:52:24'),
(1926, 'NEMA', 'Added', 'AR', '2023-12-21', '10:54:44'),
(1927, 'NEMA', 'Viewed', 'AR', '2023-12-21', '10:55:59'),
(1928, 'NEMA', 'Viewed', 'SA', '2023-12-21', '04:07:53'),
(1929, 'NEMA', 'Viewed', 'SA', '2023-12-21', '04:08:26'),
(1930, 'NEMA', 'Viewed', 'SA', '2023-12-21', '04:08:35'),
(1931, 'NEMA', 'Viewed', 'SA', '2023-12-21', '04:08:57'),
(1932, 'NEMA', 'Edited', 'AR', '2023-12-23', '21:38:33'),
(1933, 'NEMA', 'Edited', 'AR', '2023-12-23', '21:42:51'),
(1934, 'NEMA', 'Viewed', 'SA', '2023-12-23', '14:44:18'),
(1935, 'NEMA', 'Edited', 'AR', '2023-12-23', '22:04:37'),
(1936, 'NEMA', 'Edited', 'AR', '2023-12-23', '22:05:08'),
(1937, 'NEMA', 'Edited', 'AR', '2023-12-23', '22:06:03'),
(1938, 'NEMA', 'Edited', 'AR', '2023-12-23', '22:06:14'),
(1939, 'NEMA', 'Edited', 'AR', '2023-12-23', '22:06:30'),
(1940, 'NEMA', 'Edited', 'AR', '2023-12-23', '22:06:58'),
(1941, 'NEMA', 'Added', 'AR', '2023-12-23', '22:15:08'),
(1942, 'NEMA', 'Edited', 'AR', '2023-12-23', '22:25:51'),
(1943, 'NEMA', 'Edited', 'AR', '2023-12-23', '22:26:10'),
(1944, 'NEMA', 'Viewed', 'SA', '2023-12-27', '11:42:20'),
(1945, 'NEMA', 'Viewed', 'SA', '2023-12-27', '11:42:53'),
(1946, 'NEMA', 'Viewed', 'SA', '2023-12-27', '11:43:01'),
(1947, 'NEMA', 'Viewed', 'SA', '2023-12-27', '11:46:34'),
(1948, 'NEMA', 'Viewed', 'SA', '2023-12-27', '11:48:30'),
(1949, 'NEMA', 'Viewed', 'SA', '2023-12-27', '11:48:37'),
(1950, 'NEMA', 'Viewed', 'SA', '2023-12-27', '11:49:28'),
(1951, 'NEMA', 'Viewed', 'SA', '2023-12-27', '11:50:22'),
(1952, 'NEMA', 'Viewed', 'SA', '2023-12-27', '11:50:25'),
(1953, 'NEMA', 'Viewed', 'SA', '2023-12-27', '11:51:27'),
(1954, 'NEMA', 'Viewed', 'SA', '2023-12-27', '11:51:55'),
(1955, 'NEMA', 'Viewed', 'SA', '2023-12-27', '11:54:46'),
(1956, 'NEMA', 'Viewed', 'SA', '2023-12-27', '11:56:09'),
(1957, 'NEMA', 'Viewed', 'SA', '2023-12-27', '11:57:50'),
(1958, 'NEMA', 'Viewed', 'SA', '2023-12-27', '11:58:00'),
(1959, 'NEMA', 'Viewed', 'SA', '2023-12-27', '11:58:15'),
(1960, 'NEMA', 'Viewed', 'SA', '2023-12-27', '11:58:47'),
(1961, 'NEMA', 'Viewed', 'SA', '2023-12-27', '11:58:50'),
(1962, 'NEMA', 'Viewed', 'SA', '2023-12-27', '11:59:02'),
(1963, 'NEMA', 'Viewed', 'SA', '2023-12-27', '11:59:05'),
(1964, 'NEMA', 'Viewed', 'SA', '2023-12-27', '11:59:15'),
(1965, 'NEMA', 'Viewed', 'SA', '2023-12-27', '11:59:18'),
(1966, 'NEMA', 'Viewed', 'SA', '2023-12-27', '11:59:31'),
(1967, 'NEMA', 'Viewed', 'SA', '2023-12-27', '12:00:10'),
(1968, 'NEMA', 'Viewed', 'SA', '2023-12-27', '12:00:33'),
(1969, 'NEMA', 'Viewed', 'SA', '2023-12-27', '12:03:25'),
(1970, 'NEMA', 'Viewed', 'SA', '2023-12-27', '12:03:27'),
(1971, 'NEMA', 'Viewed', 'SA', '2023-12-27', '12:03:57'),
(1972, 'NEMA', 'Viewed', 'SA', '2023-12-27', '12:04:00'),
(1973, 'NEMA', 'Viewed', 'SA', '2023-12-27', '12:04:17'),
(1974, 'NEMA', 'Viewed', 'SA', '2023-12-27', '12:04:40'),
(1975, 'NEMA', 'Viewed', 'SA', '2023-12-27', '12:04:49'),
(1976, 'NEMA', 'Viewed', 'SA', '2023-12-27', '12:04:58'),
(1977, 'NEMA', 'Viewed', 'SA', '2023-12-27', '12:07:31'),
(1978, 'NEMA', 'Viewed', 'SA', '2023-12-27', '12:07:34'),
(1979, 'NEMA', 'Viewed', 'SA', '2023-12-27', '12:08:06'),
(1980, 'NEMA', 'Viewed', 'SA', '2023-12-27', '12:08:50'),
(1981, 'NEMA', 'Viewed', 'SA', '2023-12-27', '12:08:58'),
(1982, 'NEMA', 'Viewed', 'SA', '2023-12-27', '12:10:08'),
(1983, 'NEMA', 'Viewed', 'SA', '2023-12-27', '12:10:15'),
(1984, 'NEMA', 'Viewed', 'SA', '2023-12-27', '12:11:42'),
(1985, 'NEMA', 'Viewed', 'SA', '2023-12-27', '12:13:14'),
(1986, 'NEMA', 'Viewed', 'SA', '2023-12-27', '12:15:47'),
(1987, 'NEMA', 'Viewed', 'SA', '2023-12-27', '12:17:00'),
(1988, 'NEMA', 'Viewed', 'AR', '2023-12-30', '13:49:32'),
(1989, 'NEMA', 'Viewed', 'AR', '2023-12-30', '13:49:53'),
(1990, 'NEMA', 'Edited', 'AR', '2023-12-30', '15:28:13'),
(1991, 'NEMA', 'Edited', 'AR', '2023-12-30', '15:30:37'),
(1992, 'NEMA', 'Edited', 'AR', '2023-12-30', '15:51:23'),
(1993, 'NEMA', 'Added', 'SA', '2023-12-30', '17:01:25'),
(1994, 'NEMA', 'Viewed', 'SA', '2023-12-30', '10:01:32'),
(1995, 'NEMA', 'Added', 'SA', '2023-12-30', '17:03:06'),
(1996, 'NEMA', 'Viewed', 'SA', '2023-12-30', '10:05:58'),
(1997, 'NEMA', 'Added', 'AR', '2023-12-30', '17:31:29'),
(1998, 'NEMA', 'Added', 'AR', '2023-12-30', '17:32:21'),
(1999, 'NEMA', 'Viewed', 'AR', '2023-12-30', '17:32:47'),
(2000, 'NEMA', 'Added', 'CV', '2024-01-02', '21:14:38'),
(2001, 'NEMA', 'Added', 'CV', '2024-01-02', '21:20:45'),
(2002, 'NEMA', 'Added', 'CV', '2024-01-02', '21:21:48'),
(2003, 'NEMA', 'Added', 'CV', '2024-01-02', '22:34:53'),
(2004, 'NEMA', 'Added', 'CV', '2024-01-02', '22:35:07'),
(2005, 'NEMA', 'Added', 'CV', '2024-01-02', '22:37:21'),
(2006, 'NEMA', 'Added', 'CV', '2024-01-02', '22:38:13'),
(2007, 'NEMA', 'Added', 'CV', '2024-01-02', '22:39:14'),
(2008, 'NEMA', 'Added', 'CV', '2024-01-02', '22:40:02'),
(2009, 'NEMA', 'Added', 'CV', '2024-01-02', '22:40:33'),
(2010, 'NEMA', 'Added', 'CV', '2024-01-02', '22:42:56'),
(2011, 'NEMA', 'Added', 'CV', '2024-01-02', '22:43:21'),
(2012, 'NEMA', 'Added', 'CV', '2024-01-02', '22:44:02'),
(2013, 'NEMA', 'Added', 'CV', '2024-01-02', '22:44:53'),
(2014, 'NEMA', 'Added', 'CV', '2024-01-02', '22:45:01'),
(2015, 'NEMA', 'Added', 'CV', '2024-01-02', '22:45:19'),
(2016, 'NEMA', 'Added', 'CV', '2024-01-02', '22:45:55'),
(2017, 'NEMA', 'Added', 'CV', '2024-01-02', '22:50:46'),
(2018, 'NEMA', 'Added', 'CV', '2024-01-02', '22:51:15'),
(2019, 'NEMA', 'Added', 'CV', '2024-01-02', '22:51:39'),
(2020, 'NEMA', 'Added', 'CV', '2024-01-02', '22:52:04'),
(2021, 'NEMA', 'Added', 'CV', '2024-01-02', '22:54:45'),
(2022, 'NEMA', 'Viewed', 'CV', '2024-01-02', '15:56:06'),
(2023, 'NEMA', 'Viewed', 'CV', '2024-01-02', '15:58:12'),
(2024, 'NEMA', 'Viewed', 'CV', '2024-01-02', '15:58:53'),
(2025, 'NEMA', 'Viewed', 'CV', '2024-01-02', '16:00:54'),
(2026, 'NEMA', 'Viewed', 'CV', '2024-01-02', '16:01:27'),
(2027, 'NEMA', 'Viewed', 'CV', '2024-01-02', '16:02:17'),
(2028, 'NEMA', 'Viewed', 'CV', '2024-01-02', '16:02:22'),
(2029, 'NEMA', 'Viewed', 'CV', '2024-01-02', '16:02:32'),
(2030, 'NEMA', 'Viewed', 'CV', '2024-01-02', '16:02:47'),
(2031, 'NEMA', 'Viewed', 'CV', '2024-01-02', '16:03:18'),
(2032, 'NEMA', 'Viewed', 'CV', '2024-01-02', '16:03:36'),
(2033, 'NEMA', 'Viewed', 'CV', '2024-01-02', '16:05:32'),
(2034, 'NEMA', 'Added', 'CV', '2024-01-02', '23:11:44'),
(2035, 'NEMA', 'Added', 'CV', '2024-01-02', '23:12:14'),
(2036, 'NEMA', 'Viewed', 'CV', '2024-01-02', '16:12:18'),
(2037, 'NEMA', 'Viewed', 'CV', '2024-01-02', '16:12:49'),
(2038, 'NEMA', 'Viewed', 'CV', '2024-01-02', '16:13:33'),
(2039, 'NEMA', 'Viewed', 'CV', '2024-01-02', '16:15:10'),
(2040, 'NEMA', 'Viewed', 'CV', '2024-01-02', '16:15:25'),
(2041, 'NEMA', 'Viewed', 'CV', '2024-01-02', '16:15:54'),
(2042, 'NEMA', 'Viewed', 'CV', '2024-01-02', '16:16:09'),
(2043, 'NEMA', 'Viewed', 'CV', '2024-01-02', '16:18:13'),
(2044, 'NEMA', 'Viewed', 'CV', '2024-01-02', '16:19:45'),
(2045, 'NEMA', 'Viewed', 'CV', '2024-01-02', '16:19:56'),
(2046, 'NEMA', 'Viewed', 'CV', '2024-01-02', '16:20:04'),
(2047, 'NEMA', 'Viewed', 'CV', '2024-01-02', '16:20:20'),
(2048, 'NEMA', 'Viewed', 'CV', '2024-01-02', '16:20:34'),
(2049, '', 'Viewed', 'CV', '2024-01-03', '02:53:47'),
(2050, 'NEMA', 'Viewed', 'CV', '2024-01-03', '02:56:41'),
(2051, 'NEMA', 'Viewed', 'CV', '2024-01-03', '02:56:42'),
(2052, 'NEMA', 'Viewed', 'CV', '2024-01-03', '02:56:58'),
(2053, 'NEMA', 'Viewed', 'CV', '2024-01-03', '02:57:24'),
(2054, 'NEMA', 'Edited', 'CV', '2024-01-03', '10:33:36'),
(2055, 'NEMA', 'Edited', 'CV', '2024-01-03', '10:34:58'),
(2056, 'NEMA', 'Edited', 'CV', '2024-01-03', '10:36:25'),
(2057, 'NEMA', 'Edited', 'CV', '2024-01-03', '10:43:11'),
(2058, '', 'Viewed', 'CV', '2024-01-04', '03:08:53'),
(2059, 'NEMA', 'Viewed', 'SA', '2024-01-04', '03:10:37'),
(2060, 'NEMA', 'Viewed', 'SA', '2024-01-04', '03:25:25'),
(2061, 'NEMA', 'Viewed', 'SA', '2024-01-04', '03:50:17'),
(2062, 'NEMA', 'Viewed', 'SA', '2024-01-04', '04:00:58'),
(2063, 'NEMA', 'Viewed', 'SA', '2024-01-04', '04:03:03'),
(2064, 'NEMA', 'Viewed', 'SA', '2024-01-04', '04:03:40'),
(2065, 'NEMA', 'Added', 'PO', '2024-01-04', '12:08:28'),
(2066, 'NEMA', 'Added', 'SA', '2024-01-04', '12:10:35'),
(2067, 'NEMA', 'Viewed', 'CV', '2024-01-04', '05:12:05'),
(2068, 'NEMA', 'Edited', 'PO', '2024-01-04', '18:55:00'),
(2069, 'NEMA', 'Viewed', 'CV', '2024-01-04', '12:49:48'),
(2070, 'NEMA', 'Viewed', 'SA', '2024-01-04', '13:01:30'),
(2071, 'NEMA', 'Viewed', 'SA', '2024-01-04', '13:05:23'),
(2072, 'NEMA', 'Viewed', 'SA', '2024-01-04', '13:05:26'),
(2073, 'Carlo O. Paala', 'Edited', 'PO', '2024-01-04', '22:16:44'),
(2074, 'NEMA', 'Edited', 'PO', '2024-01-04', '22:21:25'),
(2075, 'NEMA', 'Viewed', 'SA', '2024-01-04', '15:35:53'),
(2076, 'Carlo O. Paala', 'Viewed', 'SA', '2024-01-04', '15:36:18'),
(2077, 'Carlo O. Paala', 'Edited', 'CV', '2024-01-04', '22:50:02'),
(2078, 'NEMA', 'Edited', 'CV', '2024-01-04', '22:50:12'),
(2079, 'CHAT', 'Viewed', 'AR', '2024-01-04', '23:00:00'),
(2080, 'CHAT', 'Viewed', 'AR', '2024-01-05', '19:12:59'),
(2081, 'NEMA', 'Viewed', 'PO', '2024-01-06', '05:02:17'),
(2082, 'NEMA', 'Viewed', 'SA', '2024-01-06', '05:04:58'),
(2083, 'NEMA', 'Viewed', 'AR', '2024-01-06', '12:07:36'),
(2084, 'NEMA', 'Viewed', 'CV', '2024-01-06', '05:08:59'),
(2085, 'NEMA', 'Added', 'CV', '2024-01-08', '18:40:37'),
(2086, 'NEMA', 'Added', 'CV', '2024-01-08', '18:44:05');

-- --------------------------------------------------------

--
-- Table structure for table `cv`
--

CREATE TABLE `cv` (
  `cv_Id` int(11) NOT NULL,
  `cv_Number` varchar(250) NOT NULL,
  `payee` varchar(250) NOT NULL,
  `date` varchar(250) NOT NULL,
  `particular` varchar(250) NOT NULL,
  `cv_passengerName` varchar(250) NOT NULL,
  `payment_method` varchar(250) NOT NULL,
  `acr` varchar(250) NOT NULL,
  `total_amount` varchar(250) NOT NULL,
  `sum_of_peso` varchar(250) NOT NULL,
  `check_no` varchar(250) NOT NULL,
  `received_by` varchar(250) NOT NULL,
  `date_received` varchar(250) NOT NULL,
  `prepared_by` varchar(250) NOT NULL,
  `checked_by` varchar(250) NOT NULL,
  `approved_by` varchar(250) NOT NULL,
  `by_signature` varchar(250) NOT NULL,
  `archive` varchar(250) NOT NULL
) ENGINE=InnoDB DEFAULT CHARSET=utf8mb4;

--
-- Dumping data for table `cv`
--

INSERT INTO `cv` (`cv_Id`, `cv_Number`, `payee`, `date`, `particular`, `cv_passengerName`, `payment_method`, `acr`, `total_amount`, `sum_of_peso`, `check_no`, `received_by`, `date_received`, `prepared_by`, `checked_by`, `approved_by`, `by_signature`, `archive`) VALUES
(6, '000001', 'Dave Carandang 112', '2024-01-01', 'Particular Sample 1', 'Passenger 1,     Passenger 2,     Passenger 3,     Passenger 41', 'USD', '51', '1000', 'one thousand DOLLARS ONLY ', '11', '21', '2024-01-31', '41', '51', '61', 'NEMA', 'No'),
(28, '000002', '', '2024-01-02', '', 'N/A', 'USD', '10', '0', 'zero DOLLARS ONLY ', '', '', '', '', '', '', 'NEMA', 'No'),
(29, '000003', '', '2024-01-02', '', 'N/A', 'USD', '10', '1', 'one DOLLARS ONLY ', '', '', '', '', '', '', 'NEMA', 'No'),
(30, '000004', 'qwe', '2024-01-08', 'qwe', '1, 2', 'PHP', '0', '10', 'ten PESOS ONLY ', 'qwe', 'qwe', '2024-01-08', 'qwe', 'qwe', 'qwe', 'NEMA', 'No'),
(31, '000005', 'ssss', '2024-01-08', 'sss', 'sss, s', 'USD', '1', '110', 'one hundred ten DOLLARS ONLY ', 'qwe', 'qwe', '', 'qwe', 'qwe', 'qwe', 'NEMA', 'No');

-- --------------------------------------------------------

--
-- Table structure for table `officials`
--

CREATE TABLE `officials` (
  `officials_Id` int(11) NOT NULL,
  `username` varchar(250) NOT NULL,
  `password` varchar(250) NOT NULL,
  `name` varchar(250) NOT NULL,
  `user_type` varchar(250) NOT NULL,
  `signature_data` varchar(250) NOT NULL,
  `date_inserted` varchar(250) NOT NULL
) ENGINE=InnoDB DEFAULT CHARSET=utf8mb4;

--
-- Dumping data for table `officials`
--

INSERT INTO `officials` (`officials_Id`, `username`, `password`, `name`, `user_type`, `signature_data`, `date_inserted`) VALUES
(1, 'Carl', '214ebdd75301fdc12fc18b57d8ebc0a6c3279f92', 'Carlo O. Paala', 'admin', 'img/64e97af588a88.1.png', ''),
(2, 'admin1', '6c7ca345f63f835cb353ff15bd6c5e052ec08e7a', 'One Admin', 'admin', 'img/6540f5bb3d654.2.', ''),
(4, 'admin2', '315f166c5aca63a157f7d41007675cb44a948b33', 'Admin Two', 'admin', '', ''),
(5, 'Nema', 'f116e5b93a0fb34d9e5fa2fd24dfca231b735d24', 'NEMA', 'superadmin', '', ''),
(6, 'Chat', '2ced57f125910a9e8ab95deea86e4ad7be418b5a', 'CHAT', 'user', 'img/6596c8fe3ed40.6.png', ''),
(7, 'Dj', '986bc99bf62f3b75c9b0b60da93572e8a8ed8a5b', 'DJ', 'user', '', ''),
(8, 'Net', '9bb81c2eccbed59ee8cbe296f1278f0ca1f364cc', 'NET', 'user', '', ''),
(9, 'Chan', '8d2e02be6c58addb2b99edf9f0ec28ccb830c1c6', 'CHAN', 'user', '', ''),
(11, 'Dave', '333584fc2850d1a1f97a0a7bf8c5a12e684856bf', 'Dave Carandang', 'user', '', '2024-01-05');

-- --------------------------------------------------------

--
-- Table structure for table `po`
--

CREATE TABLE `po` (
  `po_Id` int(11) NOT NULL,
  `po_Number` varchar(250) NOT NULL,
  `supplier` varchar(250) NOT NULL,
  `address` varchar(250) NOT NULL,
  `agent` varchar(250) NOT NULL,
  `particular` varchar(250) NOT NULL,
  `rec_locator` varchar(250) NOT NULL,
  `conjunction` varchar(250) NOT NULL,
  `date` varchar(250) NOT NULL,
  `amount_deposit` varchar(250) NOT NULL,
  `or_No` varchar(250) NOT NULL,
  `cv` varchar(250) NOT NULL,
  `sa` varchar(250) NOT NULL,
  `airfare_passengerName` varchar(250) NOT NULL,
  `airfare_groupName` varchar(250) NOT NULL,
  `airfare_paymentMethod` varchar(250) NOT NULL,
  `airfare_airfare_usd` varchar(250) NOT NULL,
  `airfare_airfare_arc` varchar(250) NOT NULL,
  `airfare_airfare_php` varchar(250) NOT NULL,
  `airfare_taxes_usd` varchar(250) NOT NULL,
  `airfare_taxes_arc` varchar(250) NOT NULL,
  `airfare_taxes_php` varchar(250) NOT NULL,
  `airfare_iata_usd` varchar(250) NOT NULL,
  `airfare_iata_arc` varchar(250) NOT NULL,
  `airfare_iata_php` varchar(250) NOT NULL,
  `airfare_totalUsd` varchar(250) NOT NULL,
  `airfare_totalPassenger` varchar(250) NOT NULL,
  `airfare_noofDays` varchar(250) NOT NULL,
  `airfare_totalAmount` varchar(250) NOT NULL,
  `airfare_amountInWords` varchar(250) NOT NULL,
  `hotel_passengerName` varchar(250) NOT NULL,
  `hotel_checkIn` varchar(250) NOT NULL,
  `hotel_checkOut` varchar(250) NOT NULL,
  `hotel_paymentMethod` varchar(250) NOT NULL,
  `hotel_hotel_usd` varchar(250) NOT NULL,
  `hotel_hotel_arc` varchar(250) NOT NULL,
  `hotel_hotel_php` varchar(250) NOT NULL,
  `hotel_taxes_usd` varchar(250) NOT NULL,
  `hotel_taxes_arc` varchar(250) NOT NULL,
  `hotel_taxes_php` varchar(250) NOT NULL,
  `hotel_totalPassenger` varchar(250) NOT NULL,
  `hotel_noofDays` varchar(250) NOT NULL,
  `hotel_totalAmount` varchar(250) NOT NULL,
  `preparedBy` varchar(250) NOT NULL,
  `checkedBy` varchar(250) NOT NULL,
  `approvedBy` varchar(250) NOT NULL,
  `archive` varchar(250) NOT NULL
) ENGINE=InnoDB DEFAULT CHARSET=utf8mb4;

--
-- Dumping data for table `po`
--

INSERT INTO `po` (`po_Id`, `po_Number`, `supplier`, `address`, `agent`, `particular`, `rec_locator`, `conjunction`, `date`, `amount_deposit`, `or_No`, `cv`, `sa`, `airfare_passengerName`, `airfare_groupName`, `airfare_paymentMethod`, `airfare_airfare_usd`, `airfare_airfare_arc`, `airfare_airfare_php`, `airfare_taxes_usd`, `airfare_taxes_arc`, `airfare_taxes_php`, `airfare_iata_usd`, `airfare_iata_arc`, `airfare_iata_php`, `airfare_totalUsd`, `airfare_totalPassenger`, `airfare_noofDays`, `airfare_totalAmount`, `airfare_amountInWords`, `hotel_passengerName`, `hotel_checkIn`, `hotel_checkOut`, `hotel_paymentMethod`, `hotel_hotel_usd`, `hotel_hotel_arc`, `hotel_hotel_php`, `hotel_taxes_usd`, `hotel_taxes_arc`, `hotel_taxes_php`, `hotel_totalPassenger`, `hotel_noofDays`, `hotel_totalAmount`, `preparedBy`, `checkedBy`, `approvedBy`, `archive`) VALUES
(26, '0001', 'qwe', 'qwe', 'QW', '\r\n                            QWE', 'QWE', 'QWE', '2023-11-04', '1', '1', '1', '1', '', '\r\n                                            ', ' ', '0', '0', '0', '0', '0', '0', '0', '0', '0', '0', '', '', '', 'sixteen thousand, five hundred PESOS ONLY ', 'QWE,ASD,ZXC,GHJ', '2023-11-04', '2023-11-07', 'USD', '100.00', '55.00', '5500.00', '200.00', '55.00', '11000.00', '2', '3', '16500', 'QWE', 'QWE', 'QWE', 'No'),
(27, '0002', 'qwe', 'qwe', 'QW', '                            QWE', 'QWE', 'QWE', '2023-11-04', '1', '1', '1', '1', '', '                                                \r\n                                                                                        ', ' ', '0', '0', '0', '0', '0', '0', '0', '0', '0', '0', '', '', '', 'sixteen thousand, five hundred PESOS ONLY ', 'QWE qweqwe qweqweqwe,qwe qweqweqweqweqw,ZXCqweqwe qwe qweqwe,GHJ QWE QWE QWE QWE Q', '2023-11-04', '2023-11-07', 'USD', '100.00', '55.00', '5500.00', '200.00', '55.00', '11000.00', '2', '3', '16500', 'QWE', 'QWE', 'QWE', 'No'),
(28, '0003', 'qwe', 'qwe', 'qwe', 'qweqweqw', 'qwe', 'qwe', '2023-11-04', '0.00', '1', '1', '1', '', '\r\n                                            ', ' ', '0', '0', '0', '0', '0', '0', '0', '0', '0', '0', '', '', '', 'sixteen thousand, five hundred PESOS ONLY ', 'qweqweq,asdasdas,zxczxcz', '2023-11-04', '2023-11-06', 'USD', '100.00', '55.00', '5500.00', '200.00', '55.00', '11000.00', '2', '3', '16500', 'a', 'a', 'a', 'No'),
(29, '0004', 'qwe', 'qwe', 'qwe', 'qwe\r\n                            ', 'qwe', 'qwe', '2023-11-04', '1', '1', '1', '1', 'Pax 1,Pax 2,Pax 3', 'qwe\r\n                                            ', 'USD', '100.00', '50.00', '5000.00', '200.00', '50.00', '10000.00', '300.00', '50.00', '15000.00', '600.00', '2', '1', '60000', 'sixty thousand PESOS ONLY ', '', '', '', ' ', '0', '0', '0', '0', '0', '0', '', '', '', 'qw', 'qwe', 'qwe', 'No'),
(30, '0005', 'qwe', 'qwe', 'qw', 'qwe', 'qwe', 'qwe', '2023-11-04', '11', '1', '1', '1', 'qwe', 'qwe\r\n                                            ', 'PHP', '0', '0', '1000', '0', '0', '2000', '0', '0', '3000', '0.00', '2', '1', '12000', 'twelve thousand PESOS ONLY ', '', '', '', ' ', '0', '0', '0', '0', '0', '0', '', '', '', 'qwe', 'qwe', 'qwe', 'No'),
(31, '0006', 'qwe 123', 'qwe', 'qwe', 'qwe', 'qwe', 'qwe', '2023-11-04', '1', '1', '1', '1', '', '                                                                                                \r\n                                                                                                                                    ', ' ', '0', '0', '0', '0', '0', '0', '0', '0', '0', '0', '', '', '', 'three thousand PESOS ONLY ', 'qweqwe,qwe', '2023-11-04', '2023-11-14', 'PHP', '0', '0', '1000', '0', '0', '2000', '5', '11', '3000', 'qwe', 'qwe', 'qwe', 'No'),
(32, '0007', 'Dave Carandang', 'Brgy Tatala Binagnonan Rizal', 'qwe', 'qweqweqwe\r\n                            ', 'qweq', 'qwe', '2023-12-20', '1000', 'a', 'a', 'a', 'Passenger 1,Passenger 2', 'qweqweqw\r\n                                            ', 'USD', '1.00', '5.00', '5.00', '2.00', '5.00', '10.00', '3.00', '5.00', '15.00', '6.00', '2', '5', '60', 'sixty PESOS ONLY ', '', '', '', ' ', '0', '0', '0', '0', '0', '0', '0', '0', '0', 'Carlo O. Paala', '', '', 'No'),
(33, '0008', 'Dave Carandang HOTEL12', 'Brgy Tatala Binagnonan Rizal', 'qwe', 'QWE\r\n                            ', 'qweq', 'qwe', '2023-12-20', '1000', 'a', 'a', 'a', '', '                                                                                                                                                \r\n                                                                                                        ', ' ', '0', '0', '0', '0', '0', '0', '0', '0', '0', '0.00', '0', '5', '0', 'zero PESOS ONLY ', 'Passenger 1 Hotel ,Passenger 2 Hotel ', '2023-12-20', '2023-12-22', 'USD', '1.00', '5.00', '5.00', '2.00', '5.00', '10.00', '2', '3', '15', 'Carlo O. Paala', '', '', 'No'),
(34, '0009', 'bnm', 'bnm', 'bnm', 'bnm\r\n                            ', 'bnm', 'bnm', '2023-12-21', '5', 'bnm', 'bnm', 'bnm', '', '\r\n                                            ', ' ', '0', '0', '0', '0', '0', '0', '0', '0', '0', '0', '0', '0', '0', '', '', '', '', ' ', '0', '0', '0', '0', '0', '0', '0', '0', '0', 'NEMA', '', '', 'No'),
(35, '0010', 'asd', 'asd', 'asd', 'asd\r\n                            ', 'asd', 'asd', '2023-12-21', '5', 'asd', 'asd', 'asd', '', '\r\n                                            ', ' ', '0', '0', '0', '0', '0', '0', '0', '0', '0', '0', '0', '0', '0', '', '', '', '', ' ', '0', '0', '0', '0', '0', '0', '0', '0', '0', 'NEMA', '', '', 'No'),
(36, '000011', 'qwe', 'qwe', 'N/Aqwe', '\r\n                            qwe', 'qwe', 'qwe', '2024-01-04', '111', 'N/A', 'N/A', 'N/A', 'QWE', 'QWE                                            ', 'USD', '1.00', '4.00', '4.00', '2.00', '4.00', '8.00', '3.00', '4.00', '12.00', '6.00', '1', '2', '24', 'twenty-four PESOS ONLY ', 'N/A', '', '', ' ', '0', '0', '0', '0', '0', '0', '0', '0', '0', 'NEMA', '', '', 'Yes');

-- --------------------------------------------------------

--
-- Table structure for table `request_list`
--

CREATE TABLE `request_list` (
  `req_Id` int(11) NOT NULL,
  `officials_Id` varchar(250) NOT NULL,
  `form_Id` varchar(250) NOT NULL,
  `form` varchar(250) NOT NULL,
  `date_request` varchar(250) NOT NULL,
  `status` varchar(250) NOT NULL,
  `token` varchar(250) NOT NULL,
  `token_expire` timestamp(6) NOT NULL DEFAULT current_timestamp(6) ON UPDATE current_timestamp(6)
) ENGINE=InnoDB DEFAULT CHARSET=utf8mb4;

--
-- Dumping data for table `request_list`
--

INSERT INTO `request_list` (`req_Id`, `officials_Id`, `form_Id`, `form`, `date_request`, `status`, `token`, `token_expire`) VALUES
(50, '1', '21', 'AR', '01/04/2024 09:40:23pm', 'Confirmed', '', '2024-01-04 13:40:54.729014'),
(51, '1', '12', 'AR', '01/04/2024 10:02:55pm', 'Confirmed', 'v2wm83ac5n', '2024-01-05 11:17:38.000000'),
(52, '1', '32', 'AR', '01/04/2024 10:12:43pm', 'Confirmed', '', '2024-01-04 14:15:42.564476'),
(53, '1', '33', 'AR', '01/04/2024 10:13:51pm', 'Confirmed', '', '2024-01-04 14:16:38.226396'),
(54, '1', '184', 'SA', '01/04/2024 10:30:56pm', 'Confirmed', '', '2024-01-04 14:37:46.619549'),
(55, '1', '6', 'CV', '01/04/2024 10:43:04pm', 'Confirmed', '', '2024-01-04 14:49:57.162356'),
(56, '6', '19', 'AR', '01/05/2024 06:49:26pm', 'Confirmed', '', '2024-01-05 11:11:36.831046'),
(57, '1', '6', 'CV', '01/05/2024 07:04:06pm', 'Confirmed', '', '2024-01-05 11:04:38.106244'),
(58, '6', '12', 'AR', '01/05/2024 07:11:49pm', 'Confirmed', '', '2024-01-05 11:12:07.789549'),
(59, '6', '6', 'CV', '01/05/2024 07:23:54pm', 'Confirmed', '', '2024-01-05 11:24:25.716298'),
(60, '6', '33', 'AR', '01/05/2024 07:42:28pm', 'Confirmed', '', '2024-01-05 11:42:48.854849'),
(61, '6', '184', 'SA', '01/05/2024 07:48:17pm', 'Confirmed', '', '2024-01-05 11:48:38.729805');

-- --------------------------------------------------------

--
-- Table structure for table `sa`
--

CREATE TABLE `sa` (
  `sa_Id` int(11) NOT NULL,
  `sa_Number` varchar(250) NOT NULL,
  `name_of_client` varchar(250) NOT NULL,
  `agent` varchar(250) NOT NULL,
  `group_name` varchar(250) NOT NULL,
  `particulars` varchar(250) NOT NULL,
  `co` varchar(250) NOT NULL,
  `date` varchar(250) NOT NULL,
  `po_No` varchar(250) NOT NULL,
  `or_No` varchar(250) NOT NULL,
  `prepared_by` varchar(250) NOT NULL,
  `checked_by` varchar(250) NOT NULL,
  `approved_by` varchar(250) NOT NULL,
  `sa_paymentMethod` varchar(250) NOT NULL,
  `sa_acr` varchar(250) NOT NULL,
  `sa_passengerName` varchar(250) NOT NULL,
  `tourcost_usd` varchar(250) NOT NULL,
  `tourcost_arc` varchar(250) NOT NULL,
  `tourcost_php` varchar(250) NOT NULL,
  `taxes_usd` varchar(250) NOT NULL,
  `taxes_arc` varchar(250) NOT NULL,
  `taxes_php` varchar(250) NOT NULL,
  `tip_fund_usd` varchar(250) NOT NULL,
  `tip_fund_arc` varchar(250) NOT NULL,
  `tip_fund_php` varchar(250) NOT NULL,
  `travel_insurance_usd` varchar(250) NOT NULL,
  `travel_insurance_arc` varchar(250) NOT NULL,
  `travel_insurance_php` varchar(250) NOT NULL,
  `parent_data_visa_fee_passengerName` varchar(250) CHARACTER SET utf8mb4 COLLATE utf8mb4_bin NOT NULL,
  `parent_data_visa_fee_usd` varchar(250) CHARACTER SET utf8mb4 COLLATE utf8mb4_bin NOT NULL,
  `parent_data_visa_fee_arc` varchar(250) CHARACTER SET utf8mb4 COLLATE utf8mb4_bin NOT NULL,
  `parent_data_visa_fee_php` varchar(250) CHARACTER SET utf8mb4 COLLATE utf8mb4_bin NOT NULL,
  `parent_data_other_passengerName` varchar(250) CHARACTER SET utf8mb4 COLLATE utf8mb4_bin NOT NULL,
  `parent_data_other_usd` varchar(250) CHARACTER SET utf8mb4 COLLATE utf8mb4_bin NOT NULL,
  `parent_data_other_arc` varchar(250) CHARACTER SET utf8mb4 COLLATE utf8mb4_bin NOT NULL,
  `parent_data_other_php` varchar(250) CHARACTER SET utf8mb4 COLLATE utf8mb4_bin NOT NULL,
  `select_sub_total_usd` varchar(250) NOT NULL,
  `select_sub_total_php` varchar(250) NOT NULL,
  `sub_total_usd` varchar(250) NOT NULL,
  `sub_total_php` varchar(250) NOT NULL,
  `total_of_sub_total` varchar(250) NOT NULL,
  `sa_date_deposit` varchar(250) NOT NULL,
  `sa_amount_deposit` varchar(250) NOT NULL,
  `total_amount_deposit` varchar(250) NOT NULL,
  `total_amount` varchar(250) NOT NULL,
  `archive` varchar(250) NOT NULL
) ENGINE=InnoDB DEFAULT CHARSET=utf8mb4;

--
-- Dumping data for table `sa`
--

INSERT INTO `sa` (`sa_Id`, `sa_Number`, `name_of_client`, `agent`, `group_name`, `particulars`, `co`, `date`, `po_No`, `or_No`, `prepared_by`, `checked_by`, `approved_by`, `sa_paymentMethod`, `sa_acr`, `sa_passengerName`, `tourcost_usd`, `tourcost_arc`, `tourcost_php`, `taxes_usd`, `taxes_arc`, `taxes_php`, `tip_fund_usd`, `tip_fund_arc`, `tip_fund_php`, `travel_insurance_usd`, `travel_insurance_arc`, `travel_insurance_php`, `parent_data_visa_fee_passengerName`, `parent_data_visa_fee_usd`, `parent_data_visa_fee_arc`, `parent_data_visa_fee_php`, `parent_data_other_passengerName`, `parent_data_other_usd`, `parent_data_other_arc`, `parent_data_other_php`, `select_sub_total_usd`, `select_sub_total_php`, `sub_total_usd`, `sub_total_php`, `total_of_sub_total`, `sa_date_deposit`, `sa_amount_deposit`, `total_amount_deposit`, `total_amount`, `archive`) VALUES
(98, '0003', 'Dave Carandang', 'Sir Carl', 'Group Name Example\r\n                            ', 'Particulars Example\r\n                            ', 'Sample C/O', '2023-12-07', '100', '200', 'Sample Prepared By', 'Sample Checked By', 'Sample Approved By', 'USD', '', 'Joselito ,Juan,Nita', '1,2,3', ',0,0', '0,0,0', '2,4,6', '0,0,0', '0,0,0', '3,6,9', '0,0,0', '0,0,0', '4,8,12', '0,0,0', '0,0,0', 'Julia Visa Fee Parent 1,Sasuke Visa Fee Parent 1,Gaara Visa Fee Parent 1', '5,10,15', '0,0,0', '0,0,0', 'Naruto Parent Other Parent 1,Sakura Other Parent 1,Kunichi Other Parent 1', '6,12,18', '0,0,0', '0,0,0', '103,146,189', '0,0,0', '438', '0', '438', '2023-12-07,2023-12-08', '50,100', '150', '288', 'No'),
(147, '0004', 'Dave Carandang USD', 'Agent 1', '                                                                                                                                                                                                                                                          ', '                                                                                                                                                                                                                                qwe qwe                   ', 'C/O 1', '2023-12-14', 'PO 1', 'OR 1', 'Prepared 1', 'Checked 1', 'Approved 1', 'USD', '55', 'Dave Carandang,John Doe,Juliana Dee,Passenger 4,N/A', '1,0,0,0,0', '0,0,0,0,0', '0,0,0,0,0', '1,0,0,0,0', '0,0,0,0,0', '0,0,0,0,0', '5,0,0,0,0', '0,0,0,0,0', '0,0,0,0,0', '1,0,0,0,0', '0,0,0,0,0', '0,0,0,0,0', 'Passenger Parent 1,Morong Parent 1,Juliana Dee Parent 1,a,N/A', '1,3,100,1,0', '0,0,0,0,0', '0,0,0,0,0', 'Passenger Parent 1 Other,Morong Parent Other 1,N/A,N/A,N/A', '6,8,0,0,0', ',,,,', '0,0,0,0,0', '869,132,11100,1234,', ',,,,', '13335', '0', '733425', '2023-12-14,,2023-12-30', '100,50,5000', '5150', '728275', 'No'),
(148, '0005', 'Dave Carandang PHP1', 'Agent 1', '                                                                                                                                                                                                                                                          ', '                                                                                                                                                                                                                                                          ', 'C/O 1', '2023-12-14', 'PO 1', 'OR 1', 'Prepared 1', 'Checked 1', 'Approved 1', 'PHP', '0', 'Passenger 1,Passenger 2,Passenger 3,Passenger 4', '0,0,0,0', '0,0,0,0', '1,2,0,0', '0,0,0,0', '0,0,0,0', '1,2,0,0', '0,0,0,0', '0,0,0,0', '1,2,0,0', '0,0,0,0', '0,0,0,0', '1,2,0,0', 'Passenger Parent 1,Baso Parent 1,QWE,ASD', '0,0,0,0', '0,0,0,0', '1,2,100,5', 'Passenger Parent 1 Other,Baso Parent Other 1,N/A,N/A', '0,0,0,0', '0,0,0,0', '6,7,200,0', ',,,', '199,1115,4800,5505', '0', '11619', '11619', '2023-12-14', '100', '100', '11519', 'No'),
(180, '0006', 'qwe', 'qwe', '                                qwe\r\n                                                        ', '                            qwe\r\n                                                        ', 'qwe', '2023-12-18', 'qwe', 'qwe', 'qwe', 'qwe', 'qwe', 'USD', '50', 'N/A', '0', '0', '0', '0', '0', '0', '0', '0', '0', '0', '0', '0', 'N/A', '0', '0', '0', 'N/A', '0', '', '0', '0', '', '0', '0', '0', '', '0', '0', '0', 'No'),
(181, '0007', 'ghj', 'ghj', 'ghj\r\n                            ', 'ghj\r\n                            ', 'ghj', '2023-12-21', 'ghj', 'ghj', 'ghj', 'ghj', 'ghj', 'USD', '6', 'N/A', '0', '0', '0', '0', '0', '0', '0', '0', '0', '0', '0', '0', 'N/A', '0', '0', '0', 'N/A', '0', '0', '0', '0', '0', '0', '0', '0', '', '0', '0', '0', 'No'),
(182, '0008', 'fgh', 'fgh', 'fgh\r\n                            ', 'fgh', 'fgh', '2023-12-21', 'fgh', 'fgh', 'fgh', 'fgh', 'fgh', 'PHP', '0', 'N/A', '0', '0', '0', '0', '0', '0', '0', '0', '0', '0', '0', '0', 'N/A', '0', '0', '0', 'N/A', '0', '0', '0', '0', '0', '0', '0', '0', '', '0', '0', '0', 'No'),
(183, '0009', 'jkl', 'jkl', 'jkl\r\n                            ', 'jkl\r\n                            ', 'jkl', '2023-12-21', 'jkl', 'jkl', 'jkl', 'jkl', 'kjl', 'PHP', '0', 'N/A', '0', '0', '0', '0', '0', '0', '0', '0', '0', '0', '0', '0', 'N/A', '0', '0', '0', 'N/A', '0', '0', '0', '0', '0', '0', '0', '0', '', '0', '0', '0', 'No'),
(184, '0010', 'John Dave Orfanel. Carandang12', 'Sample Agent', '                                                                Sample Group Name\r\n                                                                                    ', '                                                        Sampl;e Particulars                                                                             ', 'Agent 1 C/O', '2023-12-30', '0000', '1111', 'Sample Prepared', 'Sample Checked', 'Sample Approved By', 'USD', '56', 'Passenger 1,Passenger 2 ', '1,3', '0,0', '0,0', '1,4', '0,0', '0,0', '1,0', '0,0', '0,0', '1,5', '0,0', '0,0', 'Visa Fee 1,Visa Fee Passenger 2', '100,100', '0,0', '0,0', 'Other 1,Other Passnger 2', '50,1000', ',', '0,0', '229,1112', ',', '1341', '0', '75096', '2023-12-01', '100', '100', '74996', 'No'),
(185, '0011', 'qweqwe', 'qwe', 'qwe\r\n                            ', '\r\n             qwe               ', 'qwe', '2023-12-30', 'qwe', 'qwe', 'qwe', 'qwe', 'qwe', 'PHP', '0', 'Passenger 1', '0', '0', '0', '0', '0', '0', '0', '0', '0', '0', '0', '0', 'Visa Fee 1', '0', '0', '1000', 'N/A', '0', '0', '0', '0', '1000', '0', '1000', '1000', '', '0', '0', '1000', 'No'),
(186, '000012', 'qwe', 'qwe', 'qwe\r\n                            ', '\r\n       qwe                     ', 'qwe', '2024-01-04', 'qwe', 'qwe', 'qwe', 'qwe', 'qwe', 'USD', '1', 'N/A', '2', '0', '0', '0', '0', '0', '0', '0', '0', '0', '0', '0', 'N/A', '0', '0', '0', 'N/A', '0', '0', '0', '2', '0', '2', '0', '2', '', '0', '0', '2', 'No');

-- --------------------------------------------------------

--
-- Table structure for table `sa_nested_other_table`
--

CREATE TABLE `sa_nested_other_table` (
  `nested_other_id` int(11) NOT NULL,
  `sa_Id` int(11) NOT NULL,
  `nested_data_other_passengerName` longtext CHARACTER SET utf8mb4 COLLATE utf8mb4_bin NOT NULL CHECK (json_valid(`nested_data_other_passengerName`)),
  `nested_data_other_usd` longtext CHARACTER SET utf8mb4 COLLATE utf8mb4_bin NOT NULL CHECK (json_valid(`nested_data_other_usd`)),
  `nested_data_other_total_usd` longtext CHARACTER SET utf8mb4 COLLATE utf8mb4_bin NOT NULL CHECK (json_valid(`nested_data_other_total_usd`)),
  `nested_data_other_arc` longtext CHARACTER SET utf8mb4 COLLATE utf8mb4_bin NOT NULL CHECK (json_valid(`nested_data_other_arc`)),
  `nested_data_other_php` longtext CHARACTER SET utf8mb4 COLLATE utf8mb4_bin NOT NULL CHECK (json_valid(`nested_data_other_php`)),
  `nested_data_other_total_php` longtext CHARACTER SET utf8mb4 COLLATE utf8mb4_bin NOT NULL CHECK (json_valid(`nested_data_other_total_php`))
) ENGINE=InnoDB DEFAULT CHARSET=utf8mb4;

--
-- Dumping data for table `sa_nested_other_table`
--

INSERT INTO `sa_nested_other_table` (`nested_other_id`, `sa_Id`, `nested_data_other_passengerName`, `nested_data_other_usd`, `nested_data_other_total_usd`, `nested_data_other_arc`, `nested_data_other_php`, `nested_data_other_total_php`) VALUES
(79, 147, '{\"1\":[\"Passenger Child 2 Other\",\"Passenger Child 1 Other\"],\"2\":[\"Morong Child Other 1\"]}', '{\"1\":[\"666\",\"66\"],\"2\":[\"88\"]}', '[\"732\",\"88\",\"0\",\"0\",\"0\"]', '{\"1\":[\"0\",\"0\"],\"2\":[\"0\"]}', '{\"1\":[\"0\",\"0\"],\"2\":[\"0\"]}', '[\"0\",\"0\",\"0\",\"0\",\"0\"]'),
(80, 148, '{\"1\":[\"Passenger Child 1 Other\"],\"2\":[\"Baso Parent Child 1\",\"Baso Parent Child 2\"]}', '{\"1\":[\"0\"],\"2\":[\"0\",\"0\"]}', '[\"0\",\"0\",\"0\",\"0\"]', '{\"1\":[\"0\"],\"2\":[\"0\",\"0\"]}', '{\"1\":[\"66\"],\"2\":[\"77\",\"777\"]}', '[\"66\",\"854\",\"0\",\"0\"]'),
(112, 180, '[]', '[]', '[\"0\"]', '[]', '[]', '[\"0\"]'),
(113, 181, '[]', '[]', '[\"0\"]', '[]', '[]', '[\"0\"]'),
(114, 182, '[]', '[]', '[\"0\"]', '[]', '[]', '[\"0\"]'),
(115, 183, '[]', '[]', '[\"0\"]', '[]', '[]', '[\"0\"]'),
(116, 184, '{\"1\":[\"Other 2\"]}', '{\"1\":[\"25\"]}', '[\"25\",\"0\"]', '{\"1\":[\"0\"]}', '{\"1\":[\"0\"]}', '[\"0\",\"0\"]'),
(117, 185, '[]', '[]', '[\"0\"]', '[]', '[]', '[\"0\"]'),
(118, 186, '[]', '[]', '[\"0\"]', '[]', '[]', '[\"0\"]');

-- --------------------------------------------------------

--
-- Table structure for table `sa_nested_table`
--

CREATE TABLE `sa_nested_table` (
  `nested_id` int(11) NOT NULL,
  `sa_Id` int(11) NOT NULL,
  `nested_data_visa_fee_passengerName` longtext CHARACTER SET utf8mb4 COLLATE utf8mb4_bin NOT NULL CHECK (json_valid(`nested_data_visa_fee_passengerName`)),
  `nested_data_visa_fee_usd` longtext CHARACTER SET utf8mb4 COLLATE utf8mb4_bin NOT NULL CHECK (json_valid(`nested_data_visa_fee_usd`)),
  `nested_data_visa_fee_total_usd` longtext CHARACTER SET utf8mb4 COLLATE utf8mb4_bin NOT NULL CHECK (json_valid(`nested_data_visa_fee_total_usd`)),
  `nested_data_visa_fee_arc` longtext CHARACTER SET utf8mb4 COLLATE utf8mb4_bin NOT NULL CHECK (json_valid(`nested_data_visa_fee_arc`)),
  `nested_data_visa_fee_php` longtext CHARACTER SET utf8mb4 COLLATE utf8mb4_bin NOT NULL CHECK (json_valid(`nested_data_visa_fee_php`)),
  `nested_data_visa_fee_total_php` longtext CHARACTER SET utf8mb4 COLLATE utf8mb4_bin NOT NULL CHECK (json_valid(`nested_data_visa_fee_total_php`))
) ENGINE=InnoDB DEFAULT CHARSET=utf8mb4;

--
-- Dumping data for table `sa_nested_table`
--

INSERT INTO `sa_nested_table` (`nested_id`, `sa_Id`, `nested_data_visa_fee_passengerName`, `nested_data_visa_fee_usd`, `nested_data_visa_fee_total_usd`, `nested_data_visa_fee_arc`, `nested_data_visa_fee_php`, `nested_data_visa_fee_total_php`) VALUES
(190, 147, '{\"1\":[\"Passenger Child 2\",\"Passenger Child 1\"],\"2\":[\"Morong Child 1\"],\"3\":[\"Juliana Dee Child 1\",\"Juliana Dee Child 2\"],\"4\":[\"aaa\",\"aa\",\"aaaa\"]}', '{\"1\":[\"111\",\"11\"],\"2\":[\"33\"],\"3\":[\"1000\",\"10000\"],\"4\":[\"111\",\"11\",\"1111\"]}', '[\"122\",\"33\",\"11000\",\"1233\",\"0\"]', '{\"1\":[\"0\",\"0\"],\"2\":[\"0\"],\"3\":[\"0\",\"0\"],\"4\":[\"0\",\"0\",\"0\"]}', '{\"1\":[\"0\",\"0\"],\"2\":[\"0\"],\"3\":[\"0\",\"0\"],\"4\":[\"0\",\"0\",\"0\"]}', '[\"0\",\"0\",\"0\",\"0\",\"0\"]'),
(191, 148, '{\"1\":[\"Passenger Child 3\",\"Passenger Child 1\"],\"2\":[\"Baso Child 1\",\"Baso Child 2\"],\"3\":[\"QWE CHILD 3\",\"QWE CHILD 1\",\"QWE CHILD 2\"],\"4\":[\"ASD CHILD 1\",\"ASD CHILD 2\"]}', '{\"1\":[\"0\",\"0\"],\"2\":[\"0\",\"0\"],\"3\":[\"0\",\"0\",\"0\"],\"4\":[\"0\",\"0\"]}', '[\"0\",\"0\",\"0\",\"0\"]', '{\"1\":[\"0\",\"0\"],\"2\":[\"0\",\"0\"],\"3\":[\"0\",\"0\",\"0\"],\"4\":[\"0\",\"0\"]}', '{\"1\":[\"111\",\"11\"],\"2\":[\"22\",\"222\"],\"3\":[\"2000\",\"1000\",\"1500\"],\"4\":[\"500\",\"5000\"]}', '[\"122\",\"244\",\"4500\",\"5500\"]'),
(223, 180, '[]', '[]', '[\"0\"]', '[]', '[]', '[\"0\"]'),
(224, 181, '[]', '[]', '[\"0\"]', '[]', '[]', '[\"0\"]'),
(225, 182, '[]', '[]', '[\"0\"]', '[]', '[]', '[\"0\"]'),
(226, 183, '[]', '[]', '[\"0\"]', '[]', '[]', '[\"0\"]'),
(227, 184, '{\"1\":[\"Visa Fee 2\"]}', '{\"1\":[\"50\"]}', '[\"50\",\"0\"]', '{\"1\":[\"0\"]}', '{\"1\":[\"0\"]}', '[\"0\",\"0\"]'),
(228, 185, '[]', '[]', '[\"0\"]', '[]', '[]', '[\"0\"]'),
(229, 186, '[]', '[]', '[\"0\"]', '[]', '[]', '[\"0\"]');

--
-- Indexes for dumped tables
--

--
-- Indexes for table `ar`
--
ALTER TABLE `ar`
  ADD PRIMARY KEY (`ar_Id`);

--
-- Indexes for table `audit_trail`
--
ALTER TABLE `audit_trail`
  ADD PRIMARY KEY (`audit_trail_Id`);

--
-- Indexes for table `cv`
--
ALTER TABLE `cv`
  ADD PRIMARY KEY (`cv_Id`);

--
-- Indexes for table `officials`
--
ALTER TABLE `officials`
  ADD PRIMARY KEY (`officials_Id`);

--
-- Indexes for table `po`
--
ALTER TABLE `po`
  ADD PRIMARY KEY (`po_Id`);

--
-- Indexes for table `request_list`
--
ALTER TABLE `request_list`
  ADD PRIMARY KEY (`req_Id`);

--
-- Indexes for table `sa`
--
ALTER TABLE `sa`
  ADD PRIMARY KEY (`sa_Id`);

--
-- Indexes for table `sa_nested_other_table`
--
ALTER TABLE `sa_nested_other_table`
  ADD PRIMARY KEY (`nested_other_id`);

--
-- Indexes for table `sa_nested_table`
--
ALTER TABLE `sa_nested_table`
  ADD PRIMARY KEY (`nested_id`);

--
-- AUTO_INCREMENT for dumped tables
--

--
-- AUTO_INCREMENT for table `ar`
--
ALTER TABLE `ar`
  MODIFY `ar_Id` int(11) NOT NULL AUTO_INCREMENT, AUTO_INCREMENT=22;

--
-- AUTO_INCREMENT for table `audit_trail`
--
ALTER TABLE `audit_trail`
  MODIFY `audit_trail_Id` int(11) NOT NULL AUTO_INCREMENT, AUTO_INCREMENT=2087;

--
-- AUTO_INCREMENT for table `cv`
--
ALTER TABLE `cv`
  MODIFY `cv_Id` int(11) NOT NULL AUTO_INCREMENT, AUTO_INCREMENT=32;

--
-- AUTO_INCREMENT for table `officials`
--
ALTER TABLE `officials`
  MODIFY `officials_Id` int(11) NOT NULL AUTO_INCREMENT, AUTO_INCREMENT=12;

--
-- AUTO_INCREMENT for table `po`
--
ALTER TABLE `po`
  MODIFY `po_Id` int(11) NOT NULL AUTO_INCREMENT, AUTO_INCREMENT=37;

--
-- AUTO_INCREMENT for table `request_list`
--
ALTER TABLE `request_list`
  MODIFY `req_Id` int(11) NOT NULL AUTO_INCREMENT, AUTO_INCREMENT=62;

--
-- AUTO_INCREMENT for table `sa`
--
ALTER TABLE `sa`
  MODIFY `sa_Id` int(11) NOT NULL AUTO_INCREMENT, AUTO_INCREMENT=187;

--
-- AUTO_INCREMENT for table `sa_nested_other_table`
--
ALTER TABLE `sa_nested_other_table`
  MODIFY `nested_other_id` int(11) NOT NULL AUTO_INCREMENT, AUTO_INCREMENT=119;

--
-- AUTO_INCREMENT for table `sa_nested_table`
--
ALTER TABLE `sa_nested_table`
  MODIFY `nested_id` int(11) NOT NULL AUTO_INCREMENT, AUTO_INCREMENT=230;
COMMIT;

/*!40101 SET CHARACTER_SET_CLIENT=@OLD_CHARACTER_SET_CLIENT */;
/*!40101 SET CHARACTER_SET_RESULTS=@OLD_CHARACTER_SET_RESULTS */;
/*!40101 SET COLLATION_CONNECTION=@OLD_COLLATION_CONNECTION */;
